slow_ma_len,slow_ma_type,fast_ma_len,fast_ma_type,allow_longs,allow_shorts,use_fast_ma,leverage_long,leverage_short,sl_enable,sl_risk_pct,atr_sl_enable,atr_sl_len,atr_sl_mult,signal_tf,period_start,period_end,trades,pl_pct,ann_return,end_capital,max_dd,calmar,liq_risk,win_rate,profit_factor,expectancy,sharpe_trade,avg_win,avg_loss,max_win,max_loss,sl_hits,sl_hit_rate,ticker,period_name,mode
130,SMA,44,SMA,True,True,True,4.0,1.0,True,9.0,False,14,2.5,D,2021-04-14,2026-04-03,81,8629.53,1763.82,87295.35,45.09,39.117,False,28.4,4.013,10.36,0.237,48.58,-4.8,223.85,-9.0,18,22.2,BTC-USD,2021_default,btc_quick
130,SMA,44,SMA,True,True,True,4.0,1.25,True,9.0,False,14,2.5,D,2021-04-14,2026-04-03,81,8405.99,1718.12,85059.86,46.57,36.891,False,27.16,3.748,10.45,0.237,52.48,-5.22,223.85,-9.0,22,27.2,BTC-USD,2021_default,btc_quick
130,SMA,44,SMA,True,True,True,4.0,1.25,True,12.0,False,14,2.5,D,2021-04-14,2026-04-03,81,6486.74,1325.84,65867.35,47.73,27.779,False,28.4,3.493,10.18,0.23,50.24,-5.7,223.85,-12.0,15,18.5,BTC-USD,2021_default,btc_quick
100,SMA,44,SMA,True,True,True,4.0,1.25,True,6.0,False,14,2.5,D,2021-04-14,2026-04-03,108,7627.63,1544.34,77276.28,57.14,27.027,False,20.37,3.402,8.54,0.2,59.39,-4.47,223.85,-6.0,51,47.2,BTC-USD,2021_default,btc_quick
100,SMA,44,SMA,True,True,True,4.0,1.0,True,6.0,False,14,2.5,D,2021-04-14,2026-04-03,108,7045.07,1426.39,71450.66,53.95,26.44,False,20.37,3.519,8.37,0.198,57.42,-4.17,223.85,-6.0,45,41.7,BTC-USD,2021_default,btc_quick
130,SMA,44,SMA,True,True,True,4.0,1.0,True,12.0,False,14,2.5,D,2021-04-14,2026-04-03,81,5930.57,1212.17,60305.69,46.28,26.193,False,28.4,3.593,9.96,0.227,48.58,-5.36,223.85,-12.0,15,18.5,BTC-USD,2021_default,btc_quick
130,SMA,44,SMA,True,True,True,3.0,1.0,True,9.0,False,14,2.5,D,2021-04-14,2026-04-03,81,3674.83,751.11,37748.29,38.55,19.483,False,28.4,3.463,7.69,0.231,38.1,-4.36,167.89,-9.0,15,18.5,BTC-USD,2021_default,btc_quick
100,SMA,60,SMA,True,True,True,4.0,2.0,True,4.0,False,14,2.5,D,2021-04-14,2026-04-03,94,4592.37,929.8,46923.73,48.44,19.195,False,18.09,3.474,7.98,0.209,61.98,-3.94,208.81,-4.0,73,77.7,BTC-USD,2021_default,btc_quick
130,SMA,60,SMA,True,True,True,4.0,1.0,True,9.0,False,14,2.5,D,2021-04-14,2026-04-03,68,5449.46,1113.83,55494.57,59.48,18.727,False,27.94,3.599,10.97,0.252,54.34,-5.86,208.81,-9.0,20,29.4,BTC-USD,2021_default,btc_quick
130,SMA,60,SMA,True,True,True,4.0,1.25,True,9.0,False,14,2.5,D,2021-04-14,2026-04-03,68,5428.48,1109.54,55284.76,60.77,18.257,False,27.94,3.402,11.1,0.253,56.25,-6.41,208.81,-9.0,24,35.3,BTC-USD,2021_default,btc_quick
130,SMA,44,SMA,True,True,True,4.0,2.0,True,9.0,False,14,2.5,D,2021-04-14,2026-04-03,81,4586.97,937.54,46869.72,51.96,18.043,False,24.69,3.146,10.0,0.221,59.39,-6.19,223.85,-9.0,31,38.3,BTC-USD,2021_default,btc_quick
100,SMA,44,SMA,True,True,True,4.0,2.0,True,6.0,False,14,2.5,D,2021-04-14,2026-04-03,108,4963.98,1005.04,50639.82,57.88,17.365,False,18.52,3.06,8.33,0.192,66.78,-4.96,223.85,-6.0,60,55.6,BTC-USD,2021_default,btc_quick
100,SMA,60,SMA,True,True,True,4.0,1.25,True,6.0,False,14,2.5,D,2021-04-14,2026-04-03,94,5378.15,1088.9,54781.5,62.91,17.31,False,21.28,3.256,8.82,0.211,59.85,-4.97,208.81,-6.0,52,55.3,BTC-USD,2021_default,btc_quick
130,SMA,44,SMA,True,True,True,3.0,1.25,True,9.0,False,14,2.5,D,2021-04-14,2026-04-03,81,3578.16,731.35,36781.62,43.24,16.915,False,27.16,3.231,7.79,0.231,41.52,-4.79,167.89,-9.0,19,23.5,BTC-USD,2021_default,btc_quick
100,SMA,60,SMA,True,True,True,4.0,1.0,True,6.0,False,14,2.5,D,2021-04-14,2026-04-03,94,4651.05,941.68,47510.54,60.96,15.447,False,21.28,3.302,8.58,0.207,57.82,-4.73,208.81,-6.0,46,48.9,BTC-USD,2021_default,btc_quick
100,SMA,60,SMA,True,True,True,4.0,1.25,True,4.0,False,14,2.5,D,2021-04-14,2026-04-03,94,3683.41,745.77,37834.09,49.03,15.209,False,19.15,3.547,7.51,0.201,54.62,-3.65,208.81,-4.0,62,66.0,BTC-USD,2021_default,btc_quick
130,SMA,44,SMA,True,True,True,3.0,1.25,True,12.0,False,14,2.5,D,2021-04-14,2026-04-03,81,3396.38,694.19,34963.75,45.93,15.113,False,29.63,3.176,7.75,0.229,38.2,-5.06,167.89,-12.0,11,13.6,BTC-USD,2021_default,btc_quick
130,SMA,44,SMA,True,True,True,4.0,1.0,True,6.0,False,14,2.5,D,2021-04-14,2026-04-03,81,3046.17,622.62,31461.72,42.55,14.632,False,22.22,3.681,8.58,0.203,53.0,-4.11,223.85,-6.0,33,40.7,BTC-USD,2021_default,btc_quick
130,SMA,44,SMA,True,True,True,4.0,2.0,True,12.0,False,14,2.5,D,2021-04-14,2026-04-03,81,3829.96,782.82,39299.57,54.25,14.429,False,25.93,2.938,9.9,0.218,57.87,-6.9,223.85,-12.0,22,27.2,BTC-USD,2021_default,btc_quick
100,SMA,44,SMA,True,True,True,3.0,1.25,True,6.0,False,14,2.5,D,2021-04-14,2026-04-03,108,4021.41,814.2,41214.1,57.0,14.285,False,22.22,2.956,6.5,0.199,44.2,-4.27,167.89,-6.0,45,41.7,BTC-USD,2021_default,btc_quick
130,SMA,44,SMA,True,True,True,3.0,1.0,True,12.0,False,14,2.5,D,2021-04-14,2026-04-03,81,3101.15,633.85,32011.51,44.43,14.266,False,29.63,3.268,7.53,0.225,36.6,-4.72,167.89,-12.0,11,13.6,BTC-USD,2021_default,btc_quick
100,SMA,44,SMA,True,True,True,3.0,1.0,True,6.0,False,14,2.5,D,2021-04-14,2026-04-03,108,3710.71,751.3,38107.09,53.79,13.967,False,22.22,3.049,6.33,0.196,42.39,-3.97,167.89,-6.0,39,36.1,BTC-USD,2021_default,btc_quick
100,SMA,60,SMA,True,True,True,4.0,2.0,True,6.0,False,14,2.5,D,2021-04-14,2026-04-03,94,4132.48,836.69,42324.77,63.97,13.08,False,19.15,3.004,8.75,0.206,68.47,-5.4,208.81,-6.0,59,62.8,BTC-USD,2021_default,btc_quick
100,SMA,60,SMA,True,True,True,4.0,1.0,True,4.0,False,14,2.5,D,2021-04-14,2026-04-03,94,3106.44,628.95,32064.44,49.23,12.776,False,19.15,3.557,7.26,0.195,52.75,-3.51,208.81,-4.0,60,63.8,BTC-USD,2021_default,btc_quick
100,SMA,44,SMA,True,True,True,4.0,1.25,True,4.0,False,14,2.5,D,2021-04-14,2026-04-03,108,3358.23,679.93,34582.32,54.12,12.564,False,16.67,3.406,6.85,0.18,58.17,-3.42,223.85,-4.0,67,62.0,BTC-USD,2021_default,btc_quick
130,SMA,60,SMA,True,True,True,4.0,2.0,True,4.0,False,14,2.5,D,2021-04-14,2026-04-03,68,2404.32,491.43,25043.21,39.69,12.38,False,19.12,3.807,8.58,0.224,60.9,-3.78,208.81,-4.0,49,72.1,BTC-USD,2021_default,btc_quick
130,SMA,44,SMA,True,True,True,4.0,1.25,True,6.0,False,14,2.5,D,2021-04-14,2026-04-03,81,2559.56,523.16,26595.57,43.22,12.104,False,20.99,3.415,8.45,0.199,56.95,-4.43,223.85,-6.0,38,46.9,BTC-USD,2021_default,btc_quick
100,SMA,44,SMA,True,True,True,4.0,2.0,True,4.0,False,14,2.5,D,2021-04-14,2026-04-03,108,3562.91,721.37,36629.09,60.35,11.952,False,15.74,3.231,7.12,0.183,65.53,-3.79,223.85,-4.0,82,75.9,BTC-USD,2021_default,btc_quick
100,SMA,44,SMA,True,True,True,4.0,1.0,True,9.0,False,14,2.5,D,2021-04-14,2026-04-03,108,3839.77,777.43,39397.73,65.29,11.907,False,22.22,2.94,7.94,0.186,54.12,-5.26,223.85,-9.0,31,28.7,BTC-USD,2021_default,btc_quick
130,SMA,60,SMA,True,True,True,4.0,1.0,True,6.0,False,14,2.5,D,2021-04-14,2026-04-03,68,2791.84,570.63,28918.43,48.28,11.819,False,23.53,3.602,9.59,0.225,56.4,-4.82,208.81,-6.0,33,48.5,BTC-USD,2021_default,btc_quick
100,SMA,44,SMA,True,True,True,4.0,1.25,True,9.0,False,14,2.5,D,2021-04-14,2026-04-03,108,3924.12,794.5,40241.22,67.53,11.765,False,22.22,2.844,8.06,0.187,55.92,-5.62,223.85,-9.0,37,34.3,BTC-USD,2021_default,btc_quick
130,SMA,44,SMA,True,True,True,3.0,1.0,True,6.0,False,14,2.5,D,2021-04-14,2026-04-03,81,1971.88,403.04,20718.79,35.59,11.325,False,24.69,3.289,6.65,0.207,38.68,-3.86,167.89,-6.0,27,33.3,BTC-USD,2021_default,btc_quick
160,SMA,44,SMA,True,True,True,4.0,1.0,True,9.0,False,14,2.5,D,2021-04-14,2026-04-03,92,3155.27,646.72,32552.68,58.99,10.963,False,22.83,3.088,8.26,0.195,53.55,-5.13,223.85,-9.0,24,26.1,BTC-USD,2021_default,btc_quick
130,SMA,60,SMA,True,True,True,4.0,1.25,True,12.0,False,14,2.5,D,2021-04-14,2026-04-03,68,3589.92,733.75,36899.24,66.95,10.959,False,27.94,3.056,10.57,0.24,56.25,-7.14,208.81,-12.0,17,25.0,BTC-USD,2021_default,btc_quick
130,SMA,60,SMA,True,True,True,4.0,2.0,True,9.0,False,14,2.5,D,2021-04-14,2026-04-03,68,3453.63,705.9,35536.33,64.96,10.867,False,25.0,2.961,10.78,0.239,65.09,-7.33,208.81,-9.0,34,50.0,BTC-USD,2021_default,btc_quick
100,SMA,44,SMA,True,True,True,4.0,1.0,True,4.0,False,14,2.5,D,2021-04-14,2026-04-03,108,2848.67,576.76,29486.74,53.37,10.806,False,16.67,3.423,6.63,0.176,56.19,-3.28,223.85,-4.0,65,60.2,BTC-USD,2021_default,btc_quick
130,SMA,60,SMA,True,True,True,4.0,2.0,True,6.0,False,14,2.5,D,2021-04-14,2026-04-03,68,2671.55,546.05,27715.48,52.02,10.498,False,20.59,3.283,9.92,0.226,69.32,-5.47,208.81,-6.0,46,67.6,BTC-USD,2021_default,btc_quick
130,SMA,60,SMA,True,True,True,4.0,1.0,True,12.0,False,14,2.5,D,2021-04-14,2026-04-03,68,3313.75,677.31,34137.52,65.86,10.284,False,27.94,3.127,10.33,0.236,54.34,-6.74,208.81,-12.0,17,25.0,BTC-USD,2021_default,btc_quick
130,SMA,44,SMA,True,True,True,4.0,2.0,True,6.0,False,14,2.5,D,2021-04-14,2026-04-03,81,2278.29,465.67,23782.94,45.37,10.264,False,19.75,3.183,8.57,0.197,63.23,-4.89,223.85,-6.0,47,58.0,BTC-USD,2021_default,btc_quick
130,SMA,60,SMA,True,True,True,4.0,1.25,True,6.0,False,14,2.5,D,2021-04-14,2026-04-03,68,2543.68,519.91,26436.76,50.72,10.25,False,22.06,3.408,9.55,0.223,61.26,-5.09,208.81,-6.0,39,57.4,BTC-USD,2021_default,btc_quick
160,SMA,44,SMA,True,True,True,4.0,1.25,True,9.0,False,14,2.5,D,2021-04-14,2026-04-03,92,3067.81,628.8,31678.15,61.76,10.182,False,22.83,2.958,8.33,0.195,55.14,-5.51,223.85,-9.0,28,30.4,BTC-USD,2021_default,btc_quick
160,SMA,44,SMA,True,True,True,3.0,1.0,True,6.0,False,14,2.5,D,2021-04-14,2026-04-03,92,2471.55,506.59,25715.53,49.93,10.145,False,22.83,3.094,6.45,0.202,41.76,-3.99,167.89,-6.0,31,33.7,BTC-USD,2021_default,btc_quick
130,SMA,60,SMA,True,True,True,4.0,1.25,True,4.0,False,14,2.5,D,2021-04-14,2026-04-03,68,1911.0,390.6,20110.04,39.32,9.935,False,20.59,3.73,7.97,0.215,52.87,-3.67,208.81,-4.0,46,67.6,BTC-USD,2021_default,btc_quick
100,SMA,44,SMA,True,True,True,4.0,1.0,True,12.0,False,14,2.5,D,2021-04-14,2026-04-03,107,3123.97,632.5,32239.73,64.71,9.774,False,23.36,2.783,7.89,0.183,52.73,-5.78,223.85,-12.0,22,20.6,BTC-USD,2021_default,btc_quick
100,SMA,44,SMA,True,True,True,4.0,2.0,True,12.0,False,14,2.5,D,2021-04-14,2026-04-03,107,3467.99,702.15,35679.85,72.77,9.649,False,23.36,2.556,8.49,0.19,59.65,-7.11,223.85,-12.0,30,28.0,BTC-USD,2021_default,btc_quick
130,SMA,44,SMA,True,True,True,2.0,1.0,True,9.0,False,14,2.5,D,2021-04-14,2026-04-03,81,1642.96,335.81,17429.6,34.86,9.634,False,29.63,3.098,5.32,0.232,26.53,-3.61,111.92,-9.0,8,9.9,BTC-USD,2021_default,btc_quick
100,SMA,44,SMA,True,True,True,4.0,1.25,True,12.0,False,14,2.5,D,2021-04-14,2026-04-03,107,3107.35,629.13,32073.46,67.54,9.315,False,23.36,2.69,7.99,0.184,54.46,-6.17,223.85,-12.0,23,21.5,BTC-USD,2021_default,btc_quick
100,SMA,44,SMA,True,True,True,2.0,2.0,True,4.0,False,14,2.5,D,2021-04-14,2026-04-03,108,1904.7,385.64,20047.0,42.08,9.165,False,20.37,2.651,4.66,0.196,36.75,-3.55,111.92,-4.0,68,63.0,BTC-USD,2021_default,btc_quick
100,SMA,44,SMA,True,True,True,3.0,2.0,True,6.0,False,14,2.5,D,2021-04-14,2026-04-03,108,2600.8,526.57,27007.96,57.73,9.121,False,20.37,2.65,6.28,0.187,49.54,-4.78,167.89,-6.0,54,50.0,BTC-USD,2021_default,btc_quick
100,SMA,60,SMA,True,True,True,3.0,1.25,True,6.0,False,14,2.5,D,2021-04-14,2026-04-03,94,2765.57,559.94,28655.75,62.78,8.919,False,22.34,2.782,6.66,0.208,46.52,-4.81,156.61,-6.0,47,50.0,BTC-USD,2021_default,btc_quick
130,SMA,60,SMA,True,True,True,4.0,1.0,True,4.0,False,14,2.5,D,2021-04-14,2026-04-03,68,1620.8,331.28,17208.02,38.72,8.555,False,20.59,3.694,7.65,0.208,50.92,-3.57,208.81,-4.0,43,63.2,BTC-USD,2021_default,btc_quick
130,SMA,44,SMA,True,True,True,2.0,1.25,True,12.0,False,14,2.5,D,2021-04-14,2026-04-03,81,1539.37,314.64,16393.65,36.87,8.535,False,29.63,2.829,5.39,0.228,28.12,-4.19,111.92,-12.0,6,7.4,BTC-USD,2021_default,btc_quick
130,SMA,44,SMA,True,True,True,2.0,1.25,True,9.0,False,14,2.5,D,2021-04-14,2026-04-03,81,1598.33,326.69,16983.26,38.31,8.528,False,28.4,2.866,5.42,0.23,29.3,-4.05,111.92,-9.0,12,14.8,BTC-USD,2021_default,btc_quick
130,SMA,44,SMA,True,True,True,3.0,2.0,True,9.0,False,14,2.5,D,2021-04-14,2026-04-03,81,1926.74,393.81,20267.42,46.24,8.516,False,24.69,2.688,7.34,0.209,47.33,-5.77,167.89,-9.0,28,34.6,BTC-USD,2021_default,btc_quick
100,SMA,44,SMA,True,True,True,2.0,1.25,True,4.0,False,14,2.5,D,2021-04-14,2026-04-03,108,1792.68,362.96,18926.8,43.42,8.36,False,21.3,2.771,4.39,0.197,32.24,-3.15,111.92,-4.0,53,49.1,BTC-USD,2021_default,btc_quick
100,SMA,44,SMA,True,True,True,3.0,1.0,True,9.0,False,14,2.5,D,2021-04-14,2026-04-03,107,2323.15,470.36,24231.49,57.42,8.192,False,23.36,2.665,6.03,0.185,41.28,-4.72,167.89,-9.0,23,21.5,BTC-USD,2021_default,btc_quick
130,SMA,60,SMA,True,True,True,3.0,1.0,True,9.0,False,14,2.5,D,2021-04-14,2026-04-03,68,2245.95,459.06,23459.46,56.27,8.158,False,27.94,3.034,7.99,0.241,42.66,-5.45,156.61,-9.0,17,25.0,BTC-USD,2021_default,btc_quick
130,SMA,44,SMA,True,True,True,2.0,1.0,True,12.0,False,14,2.5,D,2021-04-14,2026-04-03,81,1400.94,286.34,15009.42,35.11,8.155,False,29.63,2.91,5.16,0.224,26.53,-3.84,111.92,-12.0,6,7.4,BTC-USD,2021_default,btc_quick
100,SMA,60,SMA,True,True,True,3.0,2.0,True,4.0,False,14,2.5,D,2021-04-14,2026-04-03,94,1922.38,389.22,20223.76,48.44,8.035,False,18.09,2.849,5.87,0.197,49.99,-3.87,156.61,-4.0,71,75.5,BTC-USD,2021_default,btc_quick
130,SMA,44,SMA,True,True,True,2.0,1.0,True,6.0,False,14,2.5,D,2021-04-14,2026-04-03,81,1241.02,253.66,13410.21,31.61,8.025,False,25.93,2.938,4.95,0.218,28.94,-3.45,111.92,-6.0,22,27.2,BTC-USD,2021_default,btc_quick
100,SMA,44,SMA,True,True,True,3.0,1.25,True,9.0,False,14,2.5,D,2021-04-14,2026-04-03,107,2375.03,480.86,24750.28,60.16,7.993,False,23.36,2.576,6.15,0.186,43.01,-5.09,167.89,-9.0,29,27.1,BTC-USD,2021_default,btc_quick
100,SMA,60,SMA,True,True,True,3.0,1.0,True,6.0,False,14,2.5,D,2021-04-14,2026-04-03,94,2385.24,482.93,24852.37,60.83,7.939,False,22.34,2.805,6.41,0.202,44.58,-4.57,156.61,-6.0,41,43.6,BTC-USD,2021_default,btc_quick
130,SMA,60,SMA,True,True,True,3.0,1.25,True,9.0,False,14,2.5,D,2021-04-14,2026-04-03,68,2237.08,457.24,23370.77,57.67,7.929,False,27.94,2.876,8.12,0.241,44.56,-6.01,156.61,-9.0,21,30.9,BTC-USD,2021_default,btc_quick
130,SMA,44,SMA,True,True,True,3.0,1.25,True,6.0,False,14,2.5,D,2021-04-14,2026-04-03,81,1651.42,337.54,17514.24,42.92,7.864,False,23.46,3.035,6.52,0.2,41.46,-4.19,167.89,-6.0,32,39.5,BTC-USD,2021_default,btc_quick
130,SMA,44,SMA,True,True,True,3.0,2.0,True,12.0,False,14,2.5,D,2021-04-14,2026-04-03,81,1986.1,405.95,20861.03,51.97,7.812,False,27.16,2.628,7.47,0.211,44.38,-6.3,167.89,-12.0,18,22.2,BTC-USD,2021_default,btc_quick
100,SMA,44,SMA,True,True,True,4.0,2.0,True,9.0,False,14,2.5,D,2021-04-14,2026-04-03,108,2694.91,545.63,27949.11,73.1,7.464,False,21.3,2.566,7.98,0.182,61.37,-6.47,223.85,-9.0,47,43.5,BTC-USD,2021_default,btc_quick
100,SMA,60,SMA,True,True,True,2.0,2.0,True,4.0,False,14,2.5,D,2021-04-14,2026-04-03,94,1756.09,355.55,18560.87,48.32,7.357,False,20.21,2.668,5.02,0.214,39.7,-3.77,104.41,-4.0,64,68.1,BTC-USD,2021_default,btc_quick
130,SMA,60,SMA,True,True,True,3.0,1.0,True,6.0,False,14,2.5,D,2021-04-14,2026-04-03,68,1670.75,341.49,17707.47,47.61,7.173,False,25.0,3.119,7.34,0.226,43.25,-4.62,156.61,-6.0,28,41.2,BTC-USD,2021_default,btc_quick
160,SMA,44,SMA,True,True,True,4.0,1.0,True,12.0,False,14,2.5,D,2021-04-14,2026-04-03,92,2042.03,418.55,21420.32,59.59,7.024,False,22.83,2.805,7.87,0.185,53.55,-5.65,223.85,-12.0,18,19.6,BTC-USD,2021_default,btc_quick
130,SMA,60,SMA,True,True,True,2.0,2.0,True,4.0,False,14,2.5,D,2021-04-14,2026-04-03,68,1310.79,267.92,14107.89,38.21,7.012,False,22.06,3.121,5.98,0.243,39.88,-3.62,104.41,-4.0,42,61.8,BTC-USD,2021_default,btc_quick
100,SMA,44,SMA,True,True,True,2.0,1.0,True,4.0,False,14,2.5,D,2021-04-14,2026-04-03,108,1513.8,306.49,16138.01,43.86,6.988,False,21.3,2.761,4.17,0.19,30.69,-3.01,111.92,-4.0,51,47.2,BTC-USD,2021_default,btc_quick
160,SMA,44,SMA,True,True,True,3.0,1.25,True,6.0,False,14,2.5,D,2021-04-14,2026-04-03,92,1840.56,377.25,19405.65,54.29,6.949,False,21.74,2.824,6.21,0.192,44.19,-4.35,167.89,-6.0,38,41.3,BTC-USD,2021_default,btc_quick
130,SMA,44,SMA,True,True,True,2.0,2.0,True,4.0,False,14,2.5,D,2021-04-14,2026-04-03,81,1122.2,229.37,12222.02,33.04,6.942,False,22.22,2.935,5.01,0.207,34.18,-3.33,111.92,-4.0,45,55.6,BTC-USD,2021_default,btc_quick
100,SMA,44,SMA,True,True,True,3.0,1.25,True,4.0,False,14,2.5,D,2021-04-14,2026-04-03,108,1581.52,320.2,16815.16,46.82,6.839,False,17.59,2.83,5.0,0.173,43.96,-3.32,167.89,-4.0,63,58.3,BTC-USD,2021_default,btc_quick
100,SMA,30,SMA,True,True,True,4.0,1.25,True,6.0,False,14,2.5,D,2021-04-14,2026-04-03,135,2239.78,453.48,23397.79,66.54,6.815,False,19.26,2.569,5.74,0.156,48.82,-4.53,224.49,-6.0,69,51.1,BTC-USD,2021_default,btc_quick
100,SMA,60,SMA,True,True,True,3.0,2.0,True,6.0,False,14,2.5,D,2021-04-14,2026-04-03,94,2113.97,428.01,22139.74,63.85,6.704,False,20.21,2.57,6.58,0.199,53.28,-5.25,156.61,-6.0,54,57.4,BTC-USD,2021_default,btc_quick
100,SMA,30,SMA,True,True,True,4.0,1.0,True,6.0,False,14,2.5,D,2021-04-14,2026-04-03,135,2115.82,428.38,22158.19,64.05,6.689,False,20.0,2.641,5.64,0.154,45.4,-4.3,224.49,-6.0,61,45.2,BTC-USD,2021_default,btc_quick
130,SMA,44,SMA,True,True,True,2.0,1.25,True,4.0,False,14,2.5,D,2021-04-14,2026-04-03,81,1063.48,217.37,11634.78,33.04,6.578,False,23.46,3.002,4.71,0.209,30.09,-3.07,111.92,-4.0,39,48.1,BTC-USD,2021_default,btc_quick
130,SMA,44,SMA,True,True,True,3.0,2.0,True,6.0,False,14,2.5,D,2021-04-14,2026-04-03,81,1466.2,299.68,15662.01,45.56,6.577,False,22.22,2.828,6.63,0.196,46.18,-4.66,167.89,-6.0,41,50.6,BTC-USD,2021_default,btc_quick
130,SMA,60,SMA,True,True,True,4.0,2.0,True,12.0,False,14,2.5,D,2021-04-14,2026-04-03,68,2227.09,455.2,23270.89,70.09,6.495,False,26.47,2.634,10.29,0.226,62.69,-8.57,208.81,-12.0,24,35.3,BTC-USD,2021_default,btc_quick
100,SMA,44,SMA,True,True,True,2.0,1.25,True,6.0,False,14,2.5,D,2021-04-14,2026-04-03,107,1593.28,322.59,16932.83,50.53,6.384,False,23.36,2.49,4.41,0.193,31.56,-3.86,111.92,-6.0,36,33.6,BTC-USD,2021_default,btc_quick
130,SMA,60,SMA,True,True,True,3.0,2.0,True,6.0,False,14,2.5,D,2021-04-14,2026-04-03,68,1597.09,326.43,16970.88,51.39,6.352,False,22.06,2.861,7.68,0.224,53.54,-5.3,156.61,-6.0,41,60.3,BTC-USD,2021_default,btc_quick
130,SMA,44,SMA,True,True,True,2.0,1.25,True,6.0,False,14,2.5,D,2021-04-14,2026-04-03,81,1033.61,211.26,11336.07,33.3,6.344,False,24.69,2.69,4.82,0.207,31.09,-3.79,111.92,-6.0,27,33.3,BTC-USD,2021_default,btc_quick
100,SMA,44,SMA,True,True,True,2.0,1.0,True,6.0,False,14,2.5,D,2021-04-14,2026-04-03,107,1465.63,296.74,15656.32,46.85,6.334,False,23.36,2.556,4.24,0.19,29.83,-3.56,111.92,-6.0,30,28.0,BTC-USD,2021_default,btc_quick
100,SMA,60,SMA,True,True,True,3.0,1.25,True,4.0,False,14,2.5,D,2021-04-14,2026-04-03,94,1530.62,309.9,16306.19,49.03,6.32,False,19.15,2.864,5.4,0.189,43.3,-3.58,156.61,-4.0,60,63.8,BTC-USD,2021_default,btc_quick
160,SMA,44,SMA,True,True,True,4.0,1.25,True,12.0,False,14,2.5,D,2021-04-14,2026-04-03,92,1915.19,392.55,20151.88,62.31,6.3,False,22.83,2.685,7.9,0.184,55.14,-6.07,223.85,-12.0,19,20.7,BTC-USD,2021_default,btc_quick
100,SMA,44,SMA,True,True,True,3.0,2.0,True,4.0,False,14,2.5,D,2021-04-14,2026-04-03,108,1681.04,340.35,17810.38,54.05,6.297,False,16.67,2.714,5.28,0.175,50.12,-3.69,167.89,-4.0,78,72.2,BTC-USD,2021_default,btc_quick
130,SMA,60,SMA,True,True,True,3.0,1.25,True,6.0,False,14,2.5,D,2021-04-14,2026-04-03,68,1518.79,310.43,16187.88,50.08,6.199,False,23.53,2.95,7.31,0.222,46.98,-4.9,156.61,-6.0,34,50.0,BTC-USD,2021_default,btc_quick
130,SMA,44,SMA,True,True,True,4.0,1.25,True,4.0,False,14,2.5,D,2021-04-14,2026-04-03,81,1272.84,260.16,13728.44,42.63,6.103,False,17.28,3.34,6.46,0.177,53.32,-3.34,223.85,-4.0,50,61.7,BTC-USD,2021_default,btc_quick
100,SMA,44,SMA,True,True,True,3.0,1.0,True,12.0,False,14,2.5,D,2021-04-14,2026-04-03,107,1722.3,348.71,18223.02,57.76,6.037,False,23.36,2.505,5.79,0.177,41.28,-5.02,167.89,-12.0,15,14.0,BTC-USD,2021_default,btc_quick
130,SMA,60,SMA,True,True,True,3.0,2.0,True,4.0,False,14,2.5,D,2021-04-14,2026-04-03,68,1144.04,233.83,12440.45,38.93,6.007,False,19.12,3.11,6.39,0.213,49.29,-3.75,156.61,-4.0,48,70.6,BTC-USD,2021_default,btc_quick
100,SMA,60,SMA,True,True,True,4.0,1.0,True,9.0,False,14,2.5,D,2021-04-14,2026-04-03,94,2130.62,431.38,22306.23,73.31,5.885,False,22.34,2.657,7.92,0.188,56.86,-6.16,208.81,-9.0,33,35.1,BTC-USD,2021_default,btc_quick
100,SMA,44,SMA,True,True,True,3.0,1.0,True,4.0,False,14,2.5,D,2021-04-14,2026-04-03,108,1333.75,270.04,14337.51,45.96,5.875,False,17.59,2.824,4.78,0.167,42.08,-3.18,167.89,-4.0,61,56.5,BTC-USD,2021_default,btc_quick
100,SMA,60,SMA,True,True,True,4.0,1.25,True,9.0,False,14,2.5,D,2021-04-14,2026-04-03,94,2156.89,436.7,22568.92,74.89,5.831,False,22.34,2.579,8.04,0.19,58.8,-6.56,208.81,-9.0,40,42.6,BTC-USD,2021_default,btc_quick
130,SMA,30,SMA,True,True,True,4.0,1.25,True,9.0,False,14,2.5,D,2021-04-14,2026-04-03,107,1801.12,368.14,19011.18,63.36,5.81,False,24.3,2.447,6.33,0.171,44.03,-5.78,224.49,-9.0,37,34.6,BTC-USD,2021_default,btc_quick
130,SMA,44,SMA,True,True,True,4.0,2.0,True,4.0,False,14,2.5,D,2021-04-14,2026-04-03,81,1342.14,274.32,14421.36,47.21,5.81,False,16.05,3.256,6.76,0.18,60.77,-3.57,223.85,-4.0,56,69.1,BTC-USD,2021_default,btc_quick
100,SMA,60,SMA,True,True,True,2.0,1.25,True,4.0,False,14,2.5,D,2021-04-14,2026-04-03,94,1396.54,282.75,14965.42,48.92,5.78,False,21.28,2.665,4.55,0.208,34.2,-3.47,104.41,-4.0,53,56.4,BTC-USD,2021_default,btc_quick
160,SMA,44,SMA,True,True,True,2.0,1.25,True,4.0,False,14,2.5,D,2021-04-14,2026-04-03,92,1236.22,253.38,13362.2,43.96,5.764,False,21.74,2.827,4.47,0.201,31.81,-3.12,111.92,-4.0,47,51.1,BTC-USD,2021_default,btc_quick
100,SMA,44,SMA,True,True,True,3.0,2.0,True,12.0,False,14,2.5,D,2021-04-14,2026-04-03,107,1916.75,388.08,20167.5,67.41,5.757,False,23.36,2.31,6.39,0.184,48.2,-6.36,167.89,-12.0,23,21.5,BTC-USD,2021_default,btc_quick
160,SMA,44,SMA,True,True,True,4.0,2.0,True,9.0,False,14,2.5,D,2021-04-14,2026-04-03,92,1931.1,395.81,20311.03,69.72,5.677,False,21.74,2.601,8.13,0.186,60.8,-6.49,223.85,-9.0,39,42.4,BTC-USD,2021_default,btc_quick
100,SMA,44,SMA,True,True,True,3.0,1.25,True,12.0,False,14,2.5,D,2021-04-14,2026-04-03,107,1712.9,346.81,18129.04,61.14,5.672,False,23.36,2.42,5.9,0.178,43.01,-5.42,167.89,-12.0,16,15.0,BTC-USD,2021_default,btc_quick
160,SMA,44,SMA,True,True,True,3.0,1.0,True,9.0,False,14,2.5,D,2021-04-14,2026-04-03,92,1444.94,296.16,15449.4,52.37,5.655,False,22.83,2.656,5.94,0.184,41.76,-4.65,167.89,-9.0,19,20.7,BTC-USD,2021_default,btc_quick
130,SMA,30,SMA,True,True,True,4.0,1.0,True,9.0,False,14,2.5,D,2021-04-14,2026-04-03,107,1720.98,351.76,18209.76,62.35,5.642,False,24.3,2.511,6.21,0.169,42.47,-5.43,224.49,-9.0,34,31.8,BTC-USD,2021_default,btc_quick
130,SMA,44,SMA,True,True,True,2.0,1.0,True,4.0,False,14,2.5,D,2021-04-14,2026-04-03,81,907.68,185.52,10076.77,33.04,5.615,False,23.46,2.96,4.45,0.202,28.62,-2.96,111.92,-4.0,36,44.4,BTC-USD,2021_default,btc_quick
100,SMA,30,SMA,True,True,True,4.0,1.25,True,4.0,False,14,2.5,D,2021-04-14,2026-04-03,135,1683.98,340.95,17839.82,60.77,5.611,False,17.04,2.706,4.84,0.147,45.08,-3.42,224.49,-4.0,86,63.7,BTC-USD,2021_default,btc_quick
130,SMA,60,SMA,True,True,True,2.0,1.25,True,4.0,False,14,2.5,D,2021-04-14,2026-04-03,68,1032.88,211.11,11328.83,37.82,5.582,False,23.53,3.001,5.36,0.236,34.16,-3.5,104.41,-4.0,39,57.4,BTC-USD,2021_default,btc_quick
130,SMA,44,SMA,True,True,True,4.0,1.0,True,4.0,False,14,2.5,D,2021-04-14,2026-04-03,81,1089.01,222.59,11890.07,41.16,5.408,False,17.28,3.316,6.2,0.172,51.33,-3.23,223.85,-4.0,47,58.0,BTC-USD,2021_default,btc_quick
130,SMA,44,SMA,True,True,True,2.0,2.0,True,6.0,False,14,2.5,D,2021-04-14,2026-04-03,81,913.72,186.76,10137.22,34.63,5.392,False,23.46,2.506,4.93,0.197,35.01,-4.28,111.92,-6.0,36,44.4,BTC-USD,2021_default,btc_quick
100,SMA,30,SMA,True,True,True,4.0,2.0,True,6.0,False,14,2.5,D,2021-04-14,2026-04-03,135,1769.77,358.32,18697.72,67.11,5.339,False,17.78,2.403,5.69,0.153,54.85,-4.94,224.49,-6.0,78,57.8,BTC-USD,2021_default,btc_quick
160,SMA,60,SMA,True,True,True,4.0,1.0,True,9.0,False,14,2.5,D,2021-04-14,2026-04-03,79,1858.64,380.96,19586.41,71.36,5.339,False,21.52,2.731,8.3,0.2,60.82,-6.11,201.61,-9.0,27,34.2,BTC-USD,2021_default,btc_quick
100,SMA,60,SMA,True,True,True,3.0,1.0,True,4.0,False,14,2.5,D,2021-04-14,2026-04-03,94,1281.95,259.55,13819.52,49.23,5.272,False,19.15,2.847,5.15,0.182,41.43,-3.45,156.61,-4.0,58,61.7,BTC-USD,2021_default,btc_quick
100,SMA,30,SMA,True,True,True,4.0,2.0,True,4.0,False,14,2.5,D,2021-04-14,2026-04-03,135,1698.48,343.89,17984.79,65.24,5.271,False,15.56,2.578,4.98,0.149,52.25,-3.73,224.49,-4.0,102,75.6,BTC-USD,2021_default,btc_quick
160,SMA,44,SMA,True,True,True,3.0,1.25,True,9.0,False,14,2.5,D,2021-04-14,2026-04-03,92,1403.43,287.66,15034.35,55.58,5.175,False,22.83,2.547,6.01,0.184,43.35,-5.03,167.89,-9.0,23,25.0,BTC-USD,2021_default,btc_quick
160,SMA,44,SMA,True,True,True,2.0,1.0,True,4.0,False,14,2.5,D,2021-04-14,2026-04-03,92,1043.93,213.97,11439.25,41.99,5.096,False,21.74,2.777,4.23,0.194,30.4,-3.04,111.92,-4.0,45,48.9,BTC-USD,2021_default,btc_quick
130,SMA,30,SMA,True,True,True,4.0,2.0,True,9.0,False,14,2.5,D,2021-04-14,2026-04-03,107,1635.83,334.35,17358.29,67.06,4.986,False,22.43,2.291,6.49,0.172,51.37,-6.48,224.49,-9.0,47,43.9,BTC-USD,2021_default,btc_quick
100,SMA,44,SMA,True,True,True,2.0,1.0,True,12.0,False,14,2.5,D,2021-04-14,2026-04-03,107,1242.6,251.58,13425.97,50.62,4.97,False,24.3,2.368,4.17,0.184,29.67,-4.02,111.92,-12.0,7,6.5,BTC-USD,2021_default,btc_quick
160,SMA,44,SMA,True,True,True,4.0,2.0,True,12.0,False,14,2.5,D,2021-04-14,2026-04-03,92,1668.9,342.07,17688.95,69.55,4.918,False,22.83,2.467,8.13,0.185,59.93,-7.18,223.85,-12.0,25,27.2,BTC-USD,2021_default,btc_quick
100,SMA,44,SMA,True,True,True,3.0,2.0,True,9.0,False,14,2.5,D,2021-04-14,2026-04-03,107,1619.0,327.79,17190.04,67.0,4.893,False,22.43,2.31,6.07,0.177,47.69,-5.97,167.89,-9.0,39,36.4,BTC-USD,2021_default,btc_quick
100,SMA,60,SMA,True,True,True,2.0,1.0,True,4.0,False,14,2.5,D,2021-04-14,2026-04-03,94,1168.32,236.55,12683.22,49.12,4.816,False,21.28,2.639,4.3,0.2,32.51,-3.33,104.41,-4.0,51,54.3,BTC-USD,2021_default,btc_quick
130,SMA,60,SMA,True,True,True,2.0,1.0,True,4.0,False,14,2.5,D,2021-04-14,2026-04-03,68,869.4,177.7,9694.0,37.21,4.775,False,23.53,2.939,5.04,0.227,32.46,-3.4,104.41,-4.0,36,52.9,BTC-USD,2021_default,btc_quick
130,SMA,60,SMA,True,True,True,3.0,1.25,True,4.0,False,14,2.5,D,2021-04-14,2026-04-03,68,898.99,183.75,9989.85,38.54,4.767,False,20.59,2.998,5.78,0.203,42.09,-3.64,156.61,-4.0,45,66.2,BTC-USD,2021_default,btc_quick
100,SMA,30,SMA,True,True,True,4.0,1.0,True,4.0,False,14,2.5,D,2021-04-14,2026-04-03,135,1386.09,280.64,14860.9,60.17,4.664,False,17.04,2.705,4.66,0.142,43.39,-3.29,224.49,-4.0,83,61.5,BTC-USD,2021_default,btc_quick
130,SMA,30,SMA,True,True,True,4.0,2.0,True,6.0,False,14,2.5,D,2021-04-14,2026-04-03,107,1351.38,276.21,14513.75,59.74,4.623,False,19.63,2.469,5.78,0.162,49.53,-4.9,224.49,-6.0,63,58.9,BTC-USD,2021_default,btc_quick
130,SMA,60,SMA,True,True,True,3.0,2.0,True,9.0,False,14,2.5,D,2021-04-14,2026-04-03,68,1402.24,286.61,15022.43,62.18,4.609,False,25.0,2.499,7.8,0.221,52.03,-6.94,156.61,-9.0,31,45.6,BTC-USD,2021_default,btc_quick
100,SMA,44,SMA,True,True,True,2.0,1.25,True,12.0,False,14,2.5,D,2021-04-14,2026-04-03,107,1235.67,250.18,13356.73,54.57,4.585,False,24.3,2.274,4.27,0.184,31.34,-4.42,111.92,-12.0,8,7.5,BTC-USD,2021_default,btc_quick
100,SMA,44,SMA,True,True,True,2.0,2.0,True,12.0,False,14,2.5,D,2021-04-14,2026-04-03,107,1385.86,280.59,14858.58,61.89,4.533,False,24.3,2.169,4.76,0.187,36.34,-5.38,111.92,-12.0,15,14.0,BTC-USD,2021_default,btc_quick
130,SMA,30,SMA,True,True,True,4.0,1.25,True,6.0,False,14,2.5,D,2021-04-14,2026-04-03,107,1220.83,249.53,13208.25,55.92,4.462,False,20.56,2.537,5.52,0.157,44.34,-4.52,224.49,-6.0,54,50.5,BTC-USD,2021_default,btc_quick
100,SMA,60,SMA,True,True,True,4.0,2.0,True,9.0,False,14,2.5,D,2021-04-14,2026-04-03,94,1719.91,348.22,18199.1,78.44,4.44,False,21.28,2.401,8.07,0.187,65.03,-7.32,208.81,-9.0,50,53.2,BTC-USD,2021_default,btc_quick
130,SMA,30,SMA,True,True,True,4.0,1.0,True,6.0,False,14,2.5,D,2021-04-14,2026-04-03,107,1176.45,240.46,12764.55,54.31,4.427,False,21.5,2.616,5.42,0.155,40.85,-4.28,224.49,-6.0,48,44.9,BTC-USD,2021_default,btc_quick
100,SMA,44,SMA,True,True,True,2.0,1.0,True,9.0,False,14,2.5,D,2021-04-14,2026-04-03,107,1068.82,216.4,11688.21,48.93,4.422,False,23.36,2.342,3.99,0.178,29.83,-3.88,111.92,-9.0,11,10.3,BTC-USD,2021_default,btc_quick
130,SMA,60,SMA,True,True,True,3.0,1.25,True,12.0,False,14,2.5,D,2021-04-14,2026-04-03,68,1403.89,286.94,15038.87,65.38,4.389,False,27.94,2.539,7.55,0.222,44.56,-6.81,156.61,-12.0,16,23.5,BTC-USD,2021_default,btc_quick
100,SMA,44,SMA,True,True,True,2.0,1.25,True,9.0,False,14,2.5,D,2021-04-14,2026-04-03,107,1093.85,221.47,11938.45,52.22,4.241,False,23.36,2.264,4.12,0.179,31.56,-4.25,111.92,-9.0,17,15.9,BTC-USD,2021_default,btc_quick
160,SMA,44,SMA,True,True,True,3.0,2.0,True,6.0,False,14,2.5,D,2021-04-14,2026-04-03,92,1178.94,241.64,12789.37,58.63,4.121,False,19.57,2.55,5.92,0.178,49.79,-4.75,167.89,-6.0,49,53.3,BTC-USD,2021_default,btc_quick
130,SMA,60,SMA,True,True,True,3.0,1.0,True,12.0,False,14,2.5,D,2021-04-14,2026-04-03,68,1291.33,263.94,13913.28,64.24,4.109,False,27.94,2.582,7.3,0.217,42.66,-6.41,156.61,-12.0,16,23.5,BTC-USD,2021_default,btc_quick
130,SMA,60,SMA,True,True,True,3.0,1.0,True,4.0,False,14,2.5,D,2021-04-14,2026-04-03,68,754.82,154.28,8548.24,37.94,4.066,False,20.59,2.941,5.45,0.194,40.14,-3.54,156.61,-4.0,42,61.8,BTC-USD,2021_default,btc_quick
130,SMA,44,SMA,True,True,True,2.0,2.0,True,12.0,False,14,2.5,D,2021-04-14,2026-04-03,81,878.12,179.48,9781.23,44.76,4.01,False,27.16,2.285,5.1,0.197,33.39,-5.45,111.92,-12.0,13,16.0,BTC-USD,2021_default,btc_quick
130,SMA,60,SMA,True,True,True,2.0,1.0,True,6.0,False,14,2.5,D,2021-04-14,2026-04-03,68,867.06,177.22,9670.63,44.4,3.992,False,26.47,2.634,5.15,0.226,31.34,-4.28,104.41,-6.0,24,35.3,BTC-USD,2021_default,btc_quick
100,SMA,44,SMA,True,True,True,2.0,2.0,True,6.0,False,14,2.5,D,2021-04-14,2026-04-03,107,1009.62,204.42,11096.23,51.38,3.978,False,21.5,2.216,4.19,0.174,35.57,-4.4,111.92,-6.0,45,42.1,BTC-USD,2021_default,btc_quick
130,SMA,44,SMA,True,True,True,2.0,2.0,True,9.0,False,14,2.5,D,2021-04-14,2026-04-03,81,835.81,170.83,9358.12,43.01,3.972,False,25.93,2.321,4.97,0.194,33.67,-5.08,111.92,-9.0,21,25.9,BTC-USD,2021_default,btc_quick
160,SMA,44,SMA,True,True,True,2.0,1.0,True,6.0,False,14,2.5,D,2021-04-14,2026-04-03,92,844.83,173.16,9448.28,44.1,3.927,False,22.83,2.467,4.07,0.185,29.96,-3.59,111.92,-6.0,25,27.2,BTC-USD,2021_default,btc_quick
130,SMA,30,SMA,True,True,True,2.0,2.0,True,4.0,False,14,2.5,D,2021-04-14,2026-04-03,108,728.36,148.87,8283.58,38.72,3.845,False,18.52,2.197,3.29,0.167,32.62,-3.37,112.25,-4.0,66,61.1,BTC-USD,2021_default,btc_quick
160,SMA,44,SMA,True,True,True,3.0,1.0,True,12.0,False,14,2.5,D,2021-04-14,2026-04-03,92,1056.98,216.64,11569.77,57.81,3.747,False,22.83,2.469,5.67,0.175,41.76,-5.0,167.89,-12.0,14,15.2,BTC-USD,2021_default,btc_quick
130,SMA,30,SMA,True,True,True,2.0,1.25,True,4.0,False,14,2.5,D,2021-04-14,2026-04-03,107,708.68,144.85,8086.77,39.06,3.708,False,21.5,2.261,3.14,0.169,26.2,-3.17,112.25,-4.0,58,54.2,BTC-USD,2021_default,btc_quick
160,SMA,60,SMA,True,True,True,3.0,1.0,True,6.0,False,14,2.5,D,2021-04-14,2026-04-03,79,1084.17,222.22,11841.7,60.19,3.692,False,20.25,2.602,5.97,0.193,47.91,-4.68,151.21,-6.0,34,43.0,BTC-USD,2021_default,btc_quick
130,SMA,30,SMA,True,True,True,4.0,1.25,True,4.0,False,14,2.5,D,2021-04-14,2026-04-03,107,922.72,188.6,10227.21,51.4,3.669,False,18.69,2.619,4.44,0.148,38.43,-3.37,224.49,-4.0,67,62.6,BTC-USD,2021_default,btc_quick
130,SMA,44,SMA,True,True,True,3.0,1.25,True,4.0,False,14,2.5,D,2021-04-14,2026-04-03,81,687.56,140.53,7875.57,38.44,3.656,False,18.52,2.766,4.73,0.169,40.01,-3.29,167.89,-4.0,48,59.3,BTC-USD,2021_default,btc_quick
130,SMA,30,SMA,True,True,True,4.0,2.0,True,4.0,False,14,2.5,D,2021-04-14,2026-04-03,108,947.61,193.69,10476.12,53.97,3.589,False,15.74,2.527,4.58,0.15,48.13,-3.56,224.49,-4.0,75,69.4,BTC-USD,2021_default,btc_quick
100,SMA,30,SMA,True,True,True,3.0,1.25,True,6.0,False,14,2.5,D,2021-04-14,2026-04-03,135,1156.9,234.23,12568.98,66.42,3.526,False,20.0,2.185,4.19,0.148,38.64,-4.42,168.37,-6.0,65,48.1,BTC-USD,2021_default,btc_quick
160,SMA,44,SMA,True,True,True,2.0,2.0,True,4.0,False,14,2.5,D,2021-04-14,2026-04-03,92,805.85,165.17,9058.47,46.89,3.522,False,18.48,2.501,4.21,0.179,37.95,-3.44,111.92,-4.0,58,63.0,BTC-USD,2021_default,btc_quick
130,SMA,60,SMA,True,True,True,2.0,2.0,True,6.0,False,14,2.5,D,2021-04-14,2026-04-03,68,826.84,169.0,9268.35,48.41,3.491,False,23.53,2.439,5.48,0.217,39.51,-4.98,104.41,-6.0,37,54.4,BTC-USD,2021_default,btc_quick
100,SMA,60,SMA,True,True,True,2.0,1.25,True,6.0,False,14,2.5,D,2021-04-14,2026-04-03,93,978.86,198.19,10788.59,56.91,3.482,False,22.58,2.277,4.34,0.192,34.24,-4.39,104.41,-6.0,38,40.9,BTC-USD,2021_default,btc_quick
100,SMA,30,SMA,True,True,True,2.0,2.0,True,4.0,False,14,2.5,D,2021-04-14,2026-04-03,135,872.73,176.7,9727.31,50.8,3.478,False,17.78,2.061,3.07,0.153,33.49,-3.51,112.25,-4.0,89,65.9,BTC-USD,2021_default,btc_quick
130,SMA,30,SMA,True,True,True,3.0,1.25,True,9.0,False,14,2.5,D,2021-04-14,2026-04-03,107,959.62,196.14,10596.19,56.52,3.47,False,25.23,2.165,4.6,0.163,33.86,-5.28,168.37,-9.0,31,29.0,BTC-USD,2021_default,btc_quick
100,SMA,30,SMA,True,True,True,3.0,1.0,True,6.0,False,14,2.5,D,2021-04-14,2026-04-03,135,1090.31,220.75,11903.08,63.92,3.453,False,20.74,2.234,4.09,0.146,35.71,-4.18,168.37,-6.0,57,42.2,BTC-USD,2021_default,btc_quick
100,SMA,60,SMA,True,True,True,4.0,1.0,True,12.0,False,14,2.5,D,2021-04-14,2026-04-03,93,1277.88,258.73,13778.76,75.09,3.445,False,22.58,2.43,7.56,0.178,56.86,-6.82,208.81,-12.0,23,24.7,BTC-USD,2021_default,btc_quick
130,SMA,44,SMA,True,True,True,3.0,2.0,True,4.0,False,14,2.5,D,2021-04-14,2026-04-03,81,727.31,148.66,8273.07,43.36,3.429,False,17.28,2.726,5.03,0.172,45.97,-3.52,167.89,-4.0,54,66.7,BTC-USD,2021_default,btc_quick
160,SMA,44,SMA,True,True,True,3.0,1.25,True,12.0,False,14,2.5,D,2021-04-14,2026-04-03,92,988.46,202.6,10884.64,59.23,3.421,False,22.83,2.362,5.7,0.174,43.35,-5.43,167.89,-12.0,15,16.3,BTC-USD,2021_default,btc_quick
130,SMA,60,SMA,True,True,True,2.0,1.25,True,6.0,False,14,2.5,D,2021-04-14,2026-04-03,68,784.07,160.26,8840.73,47.02,3.408,False,25.0,2.489,5.11,0.219,34.15,-4.57,104.41,-6.0,30,44.1,BTC-USD,2021_default,btc_quick
130,SMA,30,SMA,True,True,True,3.0,1.0,True,9.0,False,14,2.5,D,2021-04-14,2026-04-03,107,914.95,187.01,10149.51,55.31,3.381,False,25.23,2.215,4.48,0.16,32.36,-4.93,168.37,-9.0,28,26.2,BTC-USD,2021_default,btc_quick
130,SMA,60,SMA,True,True,True,2.0,1.0,True,9.0,False,14,2.5,D,2021-04-14,2026-04-03,68,849.03,173.54,9490.34,51.36,3.379,False,27.94,2.499,5.19,0.225,30.98,-4.81,104.41,-9.0,11,16.2,BTC-USD,2021_default,btc_quick
100,SMA,30,SMA,True,True,True,2.0,1.25,True,4.0,False,14,2.5,D,2021-04-14,2026-04-03,135,864.89,175.11,9648.91,51.94,3.371,False,19.26,2.139,2.93,0.152,28.6,-3.19,112.25,-4.0,73,54.1,BTC-USD,2021_default,btc_quick
130,SMA,60,SMA,True,True,True,2.0,1.25,True,12.0,False,14,2.5,D,2021-04-14,2026-04-03,68,847.45,173.21,9474.52,51.39,3.371,False,27.94,2.385,5.34,0.224,32.88,-5.34,104.41,-12.0,6,8.8,BTC-USD,2021_default,btc_quick
100,SMA,60,SMA,True,True,True,3.0,1.0,True,9.0,False,14,2.5,D,2021-04-14,2026-04-03,93,1106.16,223.96,12061.59,66.91,3.347,False,22.58,2.339,5.76,0.179,44.58,-5.56,156.61,-9.0,24,25.8,BTC-USD,2021_default,btc_quick
160,SMA,44,SMA,True,True,True,4.0,1.0,True,6.0,False,14,2.5,D,2021-04-14,2026-04-03,92,1260.21,258.3,13602.09,77.51,3.333,False,19.57,2.813,6.21,0.169,49.27,-4.26,223.85,-6.0,38,41.3,BTC-USD,2021_default,btc_quick
100,SMA,60,SMA,True,True,True,3.0,1.25,True,9.0,False,14,2.5,D,2021-04-14,2026-04-03,93,1120.36,226.84,12203.63,68.88,3.293,False,22.58,2.274,5.88,0.181,46.52,-5.97,156.61,-9.0,31,33.3,BTC-USD,2021_default,btc_quick
100,SMA,60,SMA,True,True,True,4.0,1.25,True,12.0,False,14,2.5,D,2021-04-14,2026-04-03,93,1251.85,253.46,13518.54,76.96,3.293,False,22.58,2.359,7.65,0.179,58.8,-7.27,208.81,-12.0,24,25.8,BTC-USD,2021_default,btc_quick
130,SMA,60,SMA,True,True,True,2.0,1.25,True,9.0,False,14,2.5,D,2021-04-14,2026-04-03,68,845.45,172.8,9454.46,52.92,3.265,False,27.94,2.377,5.32,0.224,32.88,-5.36,104.41,-9.0,15,22.1,BTC-USD,2021_default,btc_quick
130,SMA,44,SMA,True,True,True,3.0,1.0,True,4.0,False,14,2.5,D,2021-04-14,2026-04-03,81,582.1,118.98,6820.95,36.86,3.228,False,18.52,2.722,4.47,0.162,38.15,-3.19,167.89,-4.0,45,55.6,BTC-USD,2021_default,btc_quick
130,SMA,30,SMA,True,True,True,3.0,2.0,True,6.0,False,14,2.5,D,2021-04-14,2026-04-03,107,824.24,168.47,9242.41,52.8,3.191,False,20.56,2.15,4.39,0.157,39.91,-4.8,168.37,-6.0,60,56.1,BTC-USD,2021_default,btc_quick
130,SMA,60,SMA,True,True,True,2.0,1.0,True,12.0,False,14,2.5,D,2021-04-14,2026-04-03,68,776.54,158.72,8765.4,49.78,3.188,False,27.94,2.429,5.09,0.22,30.98,-4.95,104.41,-12.0,6,8.8,BTC-USD,2021_default,btc_quick
130,SMA,30,SMA,True,True,True,4.0,1.25,True,12.0,False,14,2.5,D,2021-04-14,2026-04-03,107,1022.44,208.98,11224.42,66.11,3.161,False,25.23,2.218,5.91,0.159,42.64,-6.49,224.49,-12.0,28,26.2,BTC-USD,2021_default,btc_quick
100,SMA,60,SMA,True,True,True,2.0,1.0,True,6.0,False,14,2.5,D,2021-04-14,2026-04-03,93,835.67,169.19,9356.65,54.66,3.096,False,22.58,2.273,4.09,0.186,32.3,-4.14,104.41,-6.0,32,34.4,BTC-USD,2021_default,btc_quick
130,SMA,30,SMA,True,True,True,4.0,1.0,True,4.0,False,14,2.5,D,2021-04-14,2026-04-03,107,733.73,149.97,8337.26,50.08,2.995,False,18.69,2.579,4.19,0.141,36.61,-3.26,224.49,-4.0,63,58.9,BTC-USD,2021_default,btc_quick
160,SMA,60,SMA,True,True,True,4.0,1.25,True,9.0,False,14,2.5,D,2021-04-14,2026-04-03,79,1056.03,216.45,11560.26,73.16,2.958,False,20.25,2.453,7.61,0.184,63.44,-6.57,201.61,-9.0,32,40.5,BTC-USD,2021_default,btc_quick
130,SMA,30,SMA,True,True,True,2.0,1.0,True,4.0,False,14,2.5,D,2021-04-14,2026-04-03,107,559.24,114.3,6592.36,38.71,2.953,False,21.5,2.203,2.89,0.158,24.62,-3.06,112.25,-4.0,54,50.5,BTC-USD,2021_default,btc_quick
130,SMA,30,SMA,True,True,True,3.0,1.0,True,6.0,False,14,2.5,D,2021-04-14,2026-04-03,107,712.85,145.7,8128.51,49.71,2.931,False,22.43,2.246,4.03,0.15,32.39,-4.17,168.37,-6.0,45,42.1,BTC-USD,2021_default,btc_quick
160,SMA,44,SMA,True,True,True,2.0,1.0,True,9.0,False,14,2.5,D,2021-04-14,2026-04-03,92,626.23,128.36,7262.34,43.99,2.918,False,22.83,2.257,3.81,0.172,29.96,-3.93,111.92,-9.0,12,13.0,BTC-USD,2021_default,btc_quick
130,SMA,30,SMA,True,True,True,3.0,2.0,True,9.0,False,14,2.5,D,2021-04-14,2026-04-03,107,867.49,177.31,9674.93,60.91,2.911,False,23.36,2.034,4.76,0.162,40.09,-6.01,168.37,-9.0,41,38.3,BTC-USD,2021_default,btc_quick
130,SMA,30,SMA,True,True,True,3.0,1.25,True,6.0,False,14,2.5,D,2021-04-14,2026-04-03,107,741.11,151.48,8411.06,52.09,2.908,False,21.5,2.19,4.13,0.152,35.36,-4.42,168.37,-6.0,51,47.7,BTC-USD,2021_default,btc_quick
130,SMA,30,SMA,True,True,True,2.0,2.0,True,6.0,False,14,2.5,D,2021-04-14,2026-04-03,107,642.02,131.22,7420.22,46.63,2.814,False,22.43,1.993,3.36,0.163,30.03,-4.36,112.25,-6.0,49,45.8,BTC-USD,2021_default,btc_quick
130,SMA,30,SMA,True,True,True,4.0,1.0,True,12.0,False,14,2.5,D,2021-04-14,2026-04-03,107,890.16,181.94,9901.62,65.17,2.792,False,25.23,2.227,5.72,0.155,41.14,-6.24,224.49,-12.0,28,26.2,BTC-USD,2021_default,btc_quick
100,SMA,30,SMA,True,True,True,3.0,2.0,True,6.0,False,14,2.5,D,2021-04-14,2026-04-03,135,904.42,183.11,10044.16,67.0,2.733,False,18.52,2.052,4.14,0.144,43.62,-4.83,168.37,-6.0,74,54.8,BTC-USD,2021_default,btc_quick
160,SMA,44,SMA,True,True,True,3.0,2.0,True,9.0,False,14,2.5,D,2021-04-14,2026-04-03,92,863.96,177.08,9639.55,64.83,2.732,False,21.74,2.233,5.81,0.171,48.42,-6.02,167.89,-9.0,34,37.0,BTC-USD,2021_default,btc_quick
100,SMA,30,SMA,True,True,True,2.0,1.0,True,4.0,False,14,2.5,D,2021-04-14,2026-04-03,135,703.77,142.49,8037.72,52.32,2.724,False,19.26,2.113,2.75,0.145,27.1,-3.06,112.25,-4.0,70,51.9,BTC-USD,2021_default,btc_quick
160,SMA,60,SMA,True,True,True,4.0,1.0,True,12.0,False,14,2.5,D,2021-04-14,2026-04-03,79,1009.81,206.98,11098.12,76.49,2.706,False,21.52,2.41,7.66,0.184,60.82,-6.92,201.61,-12.0,21,26.6,BTC-USD,2021_default,btc_quick
160,SMA,44,SMA,True,True,True,3.0,2.0,True,12.0,False,14,2.5,D,2021-04-14,2026-04-03,92,855.43,175.34,9554.34,66.35,2.643,False,22.83,2.177,5.94,0.173,48.13,-6.54,167.89,-12.0,21,22.8,BTC-USD,2021_default,btc_quick
160,SMA,44,SMA,True,True,True,2.0,1.25,True,9.0,False,14,2.5,D,2021-04-14,2026-04-03,92,606.72,124.36,7067.24,47.12,2.639,False,22.83,2.165,3.88,0.17,31.56,-4.31,111.92,-9.0,16,17.4,BTC-USD,2021_default,btc_quick
130,SMA,30,SMA,True,True,True,2.0,1.0,True,6.0,False,14,2.5,D,2021-04-14,2026-04-03,107,552.59,112.95,6525.93,43.14,2.618,False,24.3,2.071,3.0,0.157,23.85,-3.7,112.25,-6.0,34,31.8,BTC-USD,2021_default,btc_quick
160,SMA,60,SMA,True,True,True,3.0,1.25,True,6.0,False,14,2.5,D,2021-04-14,2026-04-03,79,802.64,164.51,9026.37,62.91,2.615,False,18.99,2.405,5.65,0.181,50.92,-4.96,151.21,-6.0,41,51.9,BTC-USD,2021_default,btc_quick
160,SMA,30,SMA,True,True,True,3.0,1.0,True,6.0,False,14,2.5,D,2021-04-14,2026-04-03,119,767.39,157.29,8673.93,60.91,2.582,False,20.17,2.189,3.96,0.146,36.11,-4.17,162.82,-6.0,49,41.2,BTC-USD,2021_default,btc_quick
130,SMA,30,SMA,True,True,True,2.0,1.25,True,6.0,False,14,2.5,D,2021-04-14,2026-04-03,107,575.28,117.58,6752.77,45.83,2.566,False,23.36,2.02,3.1,0.159,26.24,-3.96,112.25,-6.0,40,37.4,BTC-USD,2021_default,btc_quick
160,SMA,44,SMA,True,True,True,2.0,1.25,True,6.0,False,14,2.5,D,2021-04-14,2026-04-03,92,612.99,125.64,7129.93,48.96,2.566,False,21.74,2.236,3.82,0.17,31.81,-3.95,111.92,-6.0,32,34.8,BTC-USD,2021_default,btc_quick
100,SMA,30,SMA,True,True,True,3.0,1.25,True,4.0,False,14,2.5,D,2021-04-14,2026-04-03,135,740.91,150.01,8409.11,58.62,2.559,False,17.04,2.233,3.38,0.135,35.93,-3.3,168.37,-4.0,81,60.0,BTC-USD,2021_default,btc_quick
100,SMA,60,SMA,True,True,True,2.0,2.0,True,6.0,False,14,2.5,D,2021-04-14,2026-04-03,93,733.54,148.52,8335.38,58.15,2.554,False,20.43,2.105,4.26,0.178,39.7,-4.84,104.41,-6.0,45,48.4,BTC-USD,2021_default,btc_quick
130,SMA,60,SMA,True,True,True,3.0,2.0,True,12.0,False,14,2.5,D,2021-04-14,2026-04-03,68,848.44,173.42,9484.42,68.67,2.525,False,26.47,2.199,7.27,0.203,50.35,-8.24,156.61,-12.0,23,33.8,BTC-USD,2021_default,btc_quick
130,SMA,30,SMA,True,True,True,3.0,1.25,True,12.0,False,14,2.5,D,2021-04-14,2026-04-03,107,737.84,150.81,8378.39,60.34,2.499,False,26.17,2.045,4.44,0.156,33.19,-5.75,168.37,-12.0,21,19.6,BTC-USD,2021_default,btc_quick
160,SMA,60,SMA,True,True,True,4.0,1.25,True,12.0,False,14,2.5,D,2021-04-14,2026-04-03,79,940.95,192.86,10409.51,77.98,2.473,False,21.52,2.323,7.67,0.183,62.63,-7.39,201.61,-12.0,22,27.8,BTC-USD,2021_default,btc_quick
130,SMA,30,SMA,True,True,True,2.0,1.25,True,9.0,False,14,2.5,D,2021-04-14,2026-04-03,107,594.22,121.45,6942.19,49.32,2.463,False,26.17,1.977,3.17,0.161,24.54,-4.4,112.25,-9.0,18,16.8,BTC-USD,2021_default,btc_quick
160,SMA,30,SMA,True,True,True,2.0,1.25,True,4.0,False,14,2.5,D,2021-04-14,2026-04-03,119,628.26,128.77,7282.61,52.4,2.457,False,18.49,2.115,2.86,0.153,29.35,-3.15,108.55,-4.0,66,55.5,BTC-USD,2021_default,btc_quick
130,SMA,30,SMA,True,True,True,4.0,2.0,True,12.0,False,14,2.5,D,2021-04-14,2026-04-03,107,825.79,168.79,9257.93,68.86,2.451,False,24.3,2.071,5.99,0.157,47.7,-7.39,224.49,-12.0,34,31.8,BTC-USD,2021_default,btc_quick
100,SMA,44,SMA,True,True,True,2.0,2.0,True,9.0,False,14,2.5,D,2021-04-14,2026-04-03,107,729.17,147.63,8291.73,60.42,2.443,False,22.43,2.012,4.04,0.164,35.77,-5.14,111.92,-9.0,27,25.2,BTC-USD,2021_default,btc_quick
100,SMA,60,SMA,True,True,True,3.0,2.0,True,9.0,False,14,2.5,D,2021-04-14,2026-04-03,93,884.08,179.0,9840.75,73.27,2.443,False,21.51,2.117,5.92,0.175,52.14,-6.75,156.61,-9.0,41,44.1,BTC-USD,2021_default,btc_quick
160,SMA,44,SMA,True,True,True,2.0,1.0,True,12.0,False,14,2.5,D,2021-04-14,2026-04-03,92,570.98,117.03,6709.81,47.92,2.442,False,23.91,2.186,3.75,0.168,28.89,-4.15,111.92,-12.0,8,8.7,BTC-USD,2021_default,btc_quick
160,SMA,60,SMA,True,True,True,3.0,1.0,True,9.0,False,14,2.5,D,2021-04-14,2026-04-03,79,802.0,164.38,9020.01,67.92,2.42,False,21.52,2.302,5.77,0.183,47.42,-5.65,151.21,-9.0,22,27.8,BTC-USD,2021_default,btc_quick
130,SMA,30,SMA,True,True,True,2.0,1.0,True,9.0,False,14,2.5,D,2021-04-14,2026-04-03,107,564.95,115.47,6649.54,47.91,2.41,False,26.17,2.023,3.06,0.159,23.09,-4.05,112.25,-9.0,15,14.0,BTC-USD,2021_default,btc_quick
100,SMA,30,SMA,True,True,True,3.0,2.0,True,4.0,False,14,2.5,D,2021-04-14,2026-04-03,135,747.74,151.39,8477.44,63.33,2.39,False,15.56,2.15,3.51,0.137,42.23,-3.62,168.37,-4.0,97,71.9,BTC-USD,2021_default,btc_quick
160,SMA,60,SMA,True,True,True,2.0,1.25,True,4.0,False,14,2.5,D,2021-04-14,2026-04-03,79,590.77,121.09,6907.72,51.31,2.36,False,18.99,2.397,3.95,0.189,35.73,-3.49,100.8,-4.0,49,62.0,BTC-USD,2021_default,btc_quick
130,SMA,30,SMA,True,True,True,3.0,1.0,True,12.0,False,14,2.5,D,2021-04-14,2026-04-03,107,639.1,130.63,7391.0,59.24,2.205,False,26.17,2.047,4.25,0.151,31.74,-5.5,168.37,-12.0,21,19.6,BTC-USD,2021_default,btc_quick
160,SMA,60,SMA,True,True,True,2.0,1.0,True,4.0,False,14,2.5,D,2021-04-14,2026-04-03,79,531.65,108.97,6316.5,49.62,2.196,False,18.99,2.378,3.81,0.183,34.66,-3.42,100.8,-4.0,46,58.2,BTC-USD,2021_default,btc_quick
160,SMA,44,SMA,True,True,True,2.0,1.25,True,12.0,False,14,2.5,D,2021-04-14,2026-04-03,92,531.25,108.89,6312.48,49.84,2.185,False,23.91,2.084,3.78,0.165,30.41,-4.59,111.92,-12.0,9,9.8,BTC-USD,2021_default,btc_quick
130,SMA,30,SMA,True,True,True,2.0,1.25,True,12.0,False,14,2.5,D,2021-04-14,2026-04-03,107,511.65,104.58,6116.48,49.0,2.134,False,26.17,1.918,3.07,0.155,24.54,-4.53,112.25,-12.0,10,9.3,BTC-USD,2021_default,btc_quick
100,SMA,30,SMA,True,True,True,3.0,1.0,True,4.0,False,14,2.5,D,2021-04-14,2026-04-03,135,600.49,121.58,7004.95,57.98,2.097,False,17.04,2.213,3.2,0.129,34.24,-3.18,168.37,-4.0,78,57.8,BTC-USD,2021_default,btc_quick
160,SMA,30,SMA,True,True,True,2.0,1.0,True,4.0,False,14,2.5,D,2021-04-14,2026-04-03,119,511.24,104.79,6112.35,50.73,2.066,False,18.49,2.072,2.67,0.145,27.89,-3.05,108.55,-4.0,63,52.9,BTC-USD,2021_default,btc_quick
130,SMA,30,SMA,True,True,True,2.0,2.0,True,9.0,False,14,2.5,D,2021-04-14,2026-04-03,107,533.86,109.12,6338.62,54.43,2.005,False,24.3,1.855,3.34,0.157,29.81,-5.16,112.25,-9.0,28,26.2,BTC-USD,2021_default,btc_quick
160,SMA,30,SMA,True,True,True,3.0,1.25,True,6.0,False,14,2.5,D,2021-04-14,2026-04-03,119,619.37,126.95,7193.65,64.31,1.974,False,18.49,2.066,3.85,0.141,40.37,-4.43,162.82,-6.0,57,47.9,BTC-USD,2021_default,btc_quick
100,SMA,60,SMA,True,True,True,2.0,1.0,True,12.0,False,14,2.5,D,2021-04-14,2026-04-03,93,572.29,115.87,6722.85,59.07,1.961,False,23.66,2.034,3.79,0.17,31.54,-4.81,104.41,-12.0,7,7.5,BTC-USD,2021_default,btc_quick
100,SMA,60,SMA,True,True,True,3.0,2.0,True,12.0,False,14,2.5,D,2021-04-14,2026-04-03,93,730.23,147.85,8302.34,75.77,1.951,False,22.58,2.011,5.94,0.172,52.33,-7.59,156.61,-12.0,27,29.0,BTC-USD,2021_default,btc_quick
100,SMA,60,SMA,True,True,True,3.0,1.0,True,12.0,False,14,2.5,D,2021-04-14,2026-04-03,93,661.93,134.02,7619.27,69.31,1.934,False,22.58,2.124,5.33,0.164,44.58,-6.12,156.61,-12.0,18,19.4,BTC-USD,2021_default,btc_quick
160,SMA,30,SMA,True,True,True,3.0,2.0,True,6.0,False,14,2.5,D,2021-04-14,2026-04-03,119,628.21,128.76,7282.13,67.7,1.902,False,17.65,2.017,3.99,0.143,44.79,-4.76,162.82,-6.0,67,56.3,BTC-USD,2021_default,btc_quick
100,SMA,30,SMA,True,True,True,2.0,1.25,True,6.0,False,14,2.5,D,2021-04-14,2026-04-03,134,560.17,113.41,6601.66,59.83,1.896,False,21.64,1.878,2.73,0.139,26.96,-3.96,112.25,-6.0,50,37.3,BTC-USD,2021_default,btc_quick
100,SMA,60,SMA,True,True,True,2.0,2.0,True,12.0,False,14,2.5,D,2021-04-14,2026-04-03,93,632.56,128.07,7325.56,67.7,1.892,False,23.66,1.918,4.41,0.175,38.93,-6.29,104.41,-12.0,16,17.2,BTC-USD,2021_default,btc_quick
130,SMA,30,SMA,True,True,True,2.0,1.0,True,12.0,False,14,2.5,D,2021-04-14,2026-04-03,107,439.57,89.84,5395.66,47.59,1.888,False,26.17,1.913,2.88,0.149,23.09,-4.28,112.25,-12.0,10,9.3,BTC-USD,2021_default,btc_quick
100,SMA,30,SMA,True,True,True,2.0,1.0,True,6.0,False,14,2.5,D,2021-04-14,2026-04-03,134,525.19,106.33,6251.91,56.83,1.871,False,22.39,1.911,2.63,0.136,24.61,-3.71,112.25,-6.0,42,31.3,BTC-USD,2021_default,btc_quick
130,SMA,30,SMA,True,True,True,3.0,2.0,True,12.0,False,14,2.5,D,2021-04-14,2026-04-03,107,591.05,120.81,6910.52,64.7,1.867,False,25.23,1.905,4.52,0.153,37.71,-6.68,168.37,-12.0,27,25.2,BTC-USD,2021_default,btc_quick
100,SMA,60,SMA,True,True,True,3.0,1.25,True,12.0,False,14,2.5,D,2021-04-14,2026-04-03,93,647.54,131.1,7475.38,71.61,1.831,False,22.58,2.065,5.42,0.165,46.52,-6.57,156.61,-12.0,19,20.4,BTC-USD,2021_default,btc_quick
100,SMA,60,SMA,True,True,True,2.0,1.25,True,12.0,False,14,2.5,D,2021-04-14,2026-04-03,93,559.59,113.3,6595.89,62.14,1.823,False,23.66,1.968,3.88,0.169,33.39,-5.26,104.41,-12.0,8,8.6,BTC-USD,2021_default,btc_quick
130,SMA,60,SMA,True,True,True,2.0,2.0,True,12.0,False,14,2.5,D,2021-04-14,2026-04-03,68,497.52,101.69,5975.2,56.0,1.816,False,26.47,2.009,5.06,0.193,38.02,-6.81,104.41,-12.0,13,19.1,BTC-USD,2021_default,btc_quick
130,SMA,60,SMA,True,True,True,2.0,2.0,True,9.0,False,14,2.5,D,2021-04-14,2026-04-03,68,507.72,103.77,6077.2,57.94,1.791,False,25.0,2.056,5.0,0.193,38.98,-6.32,104.41,-9.0,25,36.8,BTC-USD,2021_default,btc_quick
100,SMA,30,SMA,True,True,True,4.0,1.25,True,9.0,False,14,2.5,D,2021-04-14,2026-04-03,135,687.04,139.1,7870.37,77.73,1.789,False,20.74,2.089,5.09,0.136,47.08,-5.9,224.49,-9.0,51,37.8,BTC-USD,2021_default,btc_quick
130,SMA,30,SMA,True,True,True,3.0,1.25,True,4.0,False,14,2.5,D,2021-04-14,2026-04-03,107,455.56,93.11,5555.59,52.54,1.772,False,18.69,2.17,3.13,0.137,31.09,-3.29,168.37,-4.0,64,59.8,BTC-USD,2021_default,btc_quick
130,SMA,30,SMA,True,True,True,3.0,2.0,True,4.0,False,14,2.5,D,2021-04-14,2026-04-03,108,469.08,95.88,5690.8,55.04,1.742,False,15.74,2.119,3.28,0.138,39.5,-3.48,168.37,-4.0,72,66.7,BTC-USD,2021_default,btc_quick
100,SMA,30,SMA,True,True,True,4.0,1.0,True,9.0,False,14,2.5,D,2021-04-14,2026-04-03,135,652.4,132.09,7523.99,76.2,1.733,False,20.74,2.123,4.99,0.134,45.5,-5.61,224.49,-9.0,46,34.1,BTC-USD,2021_default,btc_quick
100,SMA,60,SMA,True,True,True,2.0,1.0,True,9.0,False,14,2.5,D,2021-04-14,2026-04-03,93,494.15,100.05,5941.51,59.17,1.691,False,22.58,1.994,3.64,0.163,32.3,-4.72,104.41,-9.0,14,15.1,BTC-USD,2021_default,btc_quick
100,SMA,60,SMA,True,True,True,2.0,1.25,True,9.0,False,14,2.5,D,2021-04-14,2026-04-03,93,501.15,101.47,6011.48,61.6,1.647,False,22.58,1.945,3.76,0.164,34.24,-5.13,104.41,-9.0,21,22.6,BTC-USD,2021_default,btc_quick
160,SMA,60,SMA,True,True,True,4.0,2.0,True,9.0,False,14,2.5,D,2021-04-14,2026-04-03,79,603.41,123.68,7034.06,78.04,1.585,False,18.99,2.175,7.11,0.17,69.32,-7.47,201.61,-9.0,43,54.4,BTC-USD,2021_default,btc_quick
160,SMA,44,SMA,True,True,True,2.0,2.0,True,12.0,False,14,2.5,D,2021-04-14,2026-04-03,92,454.1,93.07,5540.98,59.17,1.573,False,23.91,1.924,4.02,0.16,34.98,-5.71,111.92,-12.0,15,16.3,BTC-USD,2021_default,btc_quick
160,SMA,60,SMA,True,True,True,2.0,2.0,True,4.0,False,14,2.5,D,2021-04-14,2026-04-03,79,406.21,83.26,5062.06,53.01,1.571,False,16.46,2.161,3.59,0.169,40.59,-3.7,100.8,-4.0,56,70.9,BTC-USD,2021_default,btc_quick
100,SMA,30,SMA,True,True,True,3.0,1.25,True,9.0,False,14,2.5,D,2021-04-14,2026-04-03,134,541.96,109.73,6419.62,71.03,1.545,False,22.39,1.914,3.79,0.132,35.44,-5.34,168.37,-9.0,40,29.9,BTC-USD,2021_default,btc_quick
160,SMA,30,SMA,True,True,True,4.0,1.0,True,9.0,False,14,2.5,D,2021-04-14,2026-04-03,119,539.95,110.67,6399.55,71.88,1.54,False,20.17,2.105,4.89,0.136,46.2,-5.54,217.1,-9.0,40,33.6,BTC-USD,2021_default,btc_quick
160,SMA,30,SMA,True,True,True,4.0,1.25,True,9.0,False,14,2.5,D,2021-04-14,2026-04-03,119,546.22,111.96,6462.22,73.78,1.518,False,20.17,2.066,4.96,0.137,47.66,-5.83,217.1,-9.0,43,36.1,BTC-USD,2021_default,btc_quick
160,SMA,60,SMA,True,True,True,3.0,2.0,True,6.0,False,14,2.5,D,2021-04-14,2026-04-03,79,492.28,100.9,5922.83,66.5,1.517,False,16.46,2.167,5.15,0.164,58.11,-5.28,151.21,-6.0,51,64.6,BTC-USD,2021_default,btc_quick
100,SMA,30,SMA,True,True,True,3.0,1.0,True,9.0,False,14,2.5,D,2021-04-14,2026-04-03,134,513.71,104.01,6137.09,69.03,1.507,False,22.39,1.943,3.69,0.13,33.97,-5.04,168.37,-9.0,35,26.1,BTC-USD,2021_default,btc_quick
130,SMA,30,SMA,True,True,True,2.0,2.0,True,12.0,False,14,2.5,D,2021-04-14,2026-04-03,107,404.49,82.67,5044.89,54.93,1.505,False,25.23,1.771,3.16,0.147,28.74,-5.48,112.25,-12.0,16,15.0,BTC-USD,2021_default,btc_quick
160,SMA,60,SMA,True,True,True,4.0,1.0,True,6.0,False,14,2.5,D,2021-04-14,2026-04-03,79,561.44,115.08,6614.42,79.75,1.443,False,17.72,2.379,5.54,0.161,53.92,-4.88,192.52,-6.0,40,50.6,BTC-USD,2021_default,btc_quick
100,SMA,30,SMA,True,True,True,2.0,2.0,True,6.0,False,14,2.5,D,2021-04-14,2026-04-03,134,427.55,86.57,5275.54,60.52,1.43,False,20.15,1.764,2.68,0.131,30.71,-4.39,112.25,-6.0,59,44.0,BTC-USD,2021_default,btc_quick
160,SMA,44,SMA,True,True,True,2.0,2.0,True,6.0,False,14,2.5,D,2021-04-14,2026-04-03,92,369.9,75.82,4699.01,53.81,1.409,False,19.57,2.008,3.54,0.149,36.03,-4.37,111.92,-6.0,43,46.7,BTC-USD,2021_default,btc_quick
130,SMA,30,SMA,True,True,True,3.0,1.0,True,4.0,False,14,2.5,D,2021-04-14,2026-04-03,107,352.89,72.13,4528.94,51.25,1.408,False,18.69,2.113,2.88,0.127,29.27,-3.19,168.37,-4.0,60,56.1,BTC-USD,2021_default,btc_quick
160,SMA,60,SMA,True,True,True,3.0,1.25,True,9.0,False,14,2.5,D,2021-04-14,2026-04-03,79,432.38,88.62,5323.78,69.94,1.267,False,20.25,2.042,5.09,0.161,49.2,-6.12,151.21,-9.0,27,34.2,BTC-USD,2021_default,btc_quick
160,SMA,30,SMA,True,True,True,2.0,2.0,True,4.0,False,14,2.5,D,2021-04-14,2026-04-03,119,333.74,68.4,4337.37,54.89,1.246,False,15.97,1.855,2.46,0.13,33.47,-3.43,108.55,-4.0,78,65.5,BTC-USD,2021_default,btc_quick
160,SMA,44,SMA,True,True,True,2.0,2.0,True,9.0,False,14,2.5,D,2021-04-14,2026-04-03,92,353.13,72.38,4531.29,58.76,1.232,False,21.74,1.885,3.68,0.149,36.03,-5.31,111.92,-9.0,27,29.3,BTC-USD,2021_default,btc_quick
160,SMA,60,SMA,True,True,True,3.0,1.0,True,12.0,False,14,2.5,D,2021-04-14,2026-04-03,79,418.18,85.71,5181.81,72.17,1.188,False,21.52,2.018,5.15,0.161,47.42,-6.44,151.21,-12.0,19,24.1,BTC-USD,2021_default,btc_quick
160,SMA,60,SMA,True,True,True,2.0,1.0,True,6.0,False,14,2.5,D,2021-04-14,2026-04-03,79,322.54,66.11,4225.39,56.6,1.168,False,20.25,1.973,3.36,0.159,33.67,-4.33,100.8,-6.0,29,36.7,BTC-USD,2021_default,btc_quick
100,SMA,60,SMA,True,True,True,2.0,2.0,True,9.0,False,14,2.5,D,2021-04-14,2026-04-03,93,384.75,77.9,4847.53,67.02,1.162,False,21.51,1.815,3.79,0.155,39.24,-5.92,104.41,-9.0,31,33.3,BTC-USD,2021_default,btc_quick
160,SMA,30,SMA,True,True,True,2.0,1.0,True,6.0,False,14,2.5,D,2021-04-14,2026-04-03,119,301.57,61.81,4015.72,54.6,1.132,False,21.01,1.802,2.35,0.126,25.1,-3.7,108.55,-6.0,37,31.1,BTC-USD,2021_default,btc_quick
100,SMA,30,SMA,True,True,True,2.0,2.0,True,12.0,False,14,2.5,D,2021-04-14,2026-04-03,134,377.7,76.47,4777.0,69.22,1.105,False,23.13,1.668,2.84,0.131,30.67,-5.53,112.25,-12.0,21,15.7,BTC-USD,2021_default,btc_quick
160,SMA,60,SMA,True,True,True,3.0,1.25,True,12.0,False,14,2.5,D,2021-04-14,2026-04-03,79,386.03,79.12,4860.29,73.93,1.07,False,21.52,1.952,5.17,0.16,49.23,-6.92,151.21,-12.0,20,25.3,BTC-USD,2021_default,btc_quick
100,SMA,30,SMA,True,True,True,3.0,2.0,True,9.0,False,14,2.5,D,2021-04-14,2026-04-03,134,400.64,81.12,5006.38,76.0,1.067,False,20.9,1.79,3.8,0.129,41.22,-6.08,168.37,-9.0,53,39.6,BTC-USD,2021_default,btc_quick
160,SMA,60,SMA,True,True,True,2.0,1.0,True,12.0,False,14,2.5,D,2021-04-14,2026-04-03,79,307.14,62.95,4071.42,59.27,1.062,False,22.78,1.877,3.46,0.158,32.49,-5.11,100.8,-12.0,8,10.1,BTC-USD,2021_default,btc_quick
160,SMA,30,SMA,True,True,True,4.0,2.0,True,9.0,False,14,2.5,D,2021-04-14,2026-04-03,119,409.17,83.87,5091.66,79.23,1.058,False,18.49,1.93,4.97,0.135,55.78,-6.55,217.1,-9.0,55,46.2,BTC-USD,2021_default,btc_quick
100,SMA,30,SMA,True,True,True,4.0,1.0,True,12.0,False,14,2.5,D,2021-04-14,2026-04-03,134,401.14,81.22,5011.44,77.12,1.053,False,22.39,1.983,4.81,0.128,43.33,-6.3,224.49,-12.0,34,25.4,BTC-USD,2021_default,btc_quick
100,SMA,30,SMA,True,True,True,4.0,1.25,True,12.0,False,14,2.5,D,2021-04-14,2026-04-03,134,410.81,83.17,5108.07,78.95,1.053,False,22.39,1.952,4.89,0.129,44.8,-6.62,224.49,-12.0,35,26.1,BTC-USD,2021_default,btc_quick
100,SMA,30,SMA,True,True,True,2.0,1.0,True,12.0,False,14,2.5,D,2021-04-14,2026-04-03,134,304.27,61.61,4042.75,60.11,1.025,False,23.13,1.71,2.4,0.121,24.96,-4.39,112.25,-12.0,13,9.7,BTC-USD,2021_default,btc_quick
160,SMA,60,SMA,True,True,True,2.0,1.0,True,9.0,False,14,2.5,D,2021-04-14,2026-04-03,79,298.89,61.26,3988.92,60.55,1.012,False,21.52,1.874,3.41,0.156,34.02,-4.98,100.8,-9.0,16,20.3,BTC-USD,2021_default,btc_quick
100,SMA,30,SMA,True,True,True,2.0,1.25,True,12.0,False,14,2.5,D,2021-04-14,2026-04-03,134,312.07,63.18,4120.7,63.3,0.998,False,23.13,1.683,2.48,0.123,26.39,-4.72,112.25,-12.0,14,10.4,BTC-USD,2021_default,btc_quick
100,SMA,30,SMA,True,True,True,2.0,1.25,True,9.0,False,14,2.5,D,2021-04-14,2026-04-03,134,287.91,58.29,3879.07,61.8,0.943,False,22.39,1.682,2.37,0.119,26.08,-4.47,112.25,-9.0,25,18.7,BTC-USD,2021_default,btc_quick
160,SMA,30,SMA,True,True,True,3.0,1.0,True,9.0,False,14,2.5,D,2021-04-14,2026-04-03,119,298.01,61.08,3980.08,65.36,0.935,False,21.01,1.848,3.36,0.123,34.86,-5.02,162.82,-9.0,32,26.9,BTC-USD,2021_default,btc_quick
160,SMA,60,SMA,True,True,True,2.0,1.25,True,12.0,False,14,2.5,D,2021-04-14,2026-04-03,79,281.88,57.78,3818.8,61.84,0.934,False,22.78,1.806,3.48,0.155,34.19,-5.59,100.8,-12.0,9,11.4,BTC-USD,2021_default,btc_quick
100,SMA,30,SMA,True,True,True,2.0,1.0,True,9.0,False,14,2.5,D,2021-04-14,2026-04-03,134,270.84,54.84,3708.35,59.17,0.927,False,22.39,1.701,2.27,0.116,24.61,-4.17,112.25,-9.0,20,14.9,BTC-USD,2021_default,btc_quick
160,SMA,30,SMA,True,True,True,3.0,1.25,True,9.0,False,14,2.5,D,2021-04-14,2026-04-03,119,301.91,61.88,4019.06,67.7,0.914,False,21.01,1.818,3.43,0.124,36.25,-5.3,162.82,-9.0,35,29.4,BTC-USD,2021_default,btc_quick
100,SMA,30,SMA,True,True,True,3.0,2.0,True,12.0,False,14,2.5,D,2021-04-14,2026-04-03,134,329.72,66.76,4297.16,76.09,0.877,False,22.39,1.739,3.79,0.127,39.86,-6.61,168.37,-12.0,32,23.9,BTC-USD,2021_default,btc_quick
160,SMA,44,SMA,True,True,True,3.0,1.25,True,4.0,False,14,2.5,D,2021-04-14,2026-04-03,92,295.15,60.5,3951.55,72.28,0.837,False,16.3,2.111,3.12,0.132,36.31,-3.35,167.89,-4.0,58,63.0,BTC-USD,2021_default,btc_quick
160,SMA,30,SMA,True,True,True,2.0,1.25,True,6.0,False,14,2.5,D,2021-04-14,2026-04-03,119,233.04,47.77,3330.41,58.55,0.816,False,19.33,1.698,2.24,0.118,28.22,-3.98,108.55,-6.0,45,37.8,BTC-USD,2021_default,btc_quick
160,SMA,30,SMA,True,True,True,2.0,2.0,True,6.0,False,14,2.5,D,2021-04-14,2026-04-03,119,237.14,48.6,3371.36,62.49,0.778,False,18.49,1.676,2.38,0.12,31.88,-4.31,108.55,-6.0,55,46.2,BTC-USD,2021_default,btc_quick
100,SMA,30,SMA,True,True,True,3.0,1.0,True,12.0,False,14,2.5,D,2021-04-14,2026-04-03,134,263.67,53.38,3636.66,69.02,0.774,False,22.39,1.787,3.35,0.117,33.97,-5.48,168.37,-12.0,24,17.9,BTC-USD,2021_default,btc_quick
100,SMA,30,SMA,True,True,True,3.0,1.25,True,12.0,False,14,2.5,D,2021-04-14,2026-04-03,134,270.68,54.8,3706.79,71.5,0.767,False,22.39,1.762,3.43,0.119,35.44,-5.8,168.37,-12.0,25,18.7,BTC-USD,2021_default,btc_quick
160,SMA,60,SMA,True,True,True,2.0,1.25,True,6.0,False,14,2.5,D,2021-04-14,2026-04-03,79,222.08,45.52,3220.82,59.57,0.764,False,18.99,1.811,3.04,0.142,35.73,-4.63,100.8,-6.0,36,45.6,BTC-USD,2021_default,btc_quick
160,SMA,44,SMA,True,True,True,3.0,1.0,True,4.0,False,14,2.5,D,2021-04-14,2026-04-03,92,238.29,48.84,3382.88,71.27,0.685,False,16.3,2.05,2.88,0.124,34.43,-3.27,167.89,-4.0,56,60.9,BTC-USD,2021_default,btc_quick
160,SMA,30,SMA,True,True,True,4.0,1.0,True,12.0,False,14,2.5,D,2021-04-14,2026-04-03,119,231.45,47.44,3314.54,75.19,0.631,False,21.01,1.891,4.42,0.122,44.61,-6.27,217.1,-12.0,31,26.1,BTC-USD,2021_default,btc_quick
160,SMA,60,SMA,True,True,True,3.0,2.0,True,9.0,False,14,2.5,D,2021-04-14,2026-04-03,79,223.94,45.9,3239.36,75.4,0.609,False,18.99,1.805,4.59,0.143,54.13,-7.03,151.21,-9.0,38,48.1,BTC-USD,2021_default,btc_quick
100,SMA,30,SMA,True,True,True,2.0,2.0,True,9.0,False,14,2.5,D,2021-04-14,2026-04-03,134,202.51,41.0,3025.12,68.35,0.6,False,20.9,1.575,2.38,0.113,31.19,-5.23,112.25,-9.0,38,28.4,BTC-USD,2021_default,btc_quick
160,SMA,30,SMA,True,True,True,4.0,1.25,True,12.0,False,14,2.5,D,2021-04-14,2026-04-03,119,223.72,45.85,3237.17,77.81,0.589,False,21.01,1.856,4.46,0.122,46.01,-6.59,217.1,-12.0,32,26.9,BTC-USD,2021_default,btc_quick
160,SMA,30,SMA,True,True,True,3.0,2.0,True,9.0,False,14,2.5,D,2021-04-14,2026-04-03,119,216.67,44.41,3166.66,77.17,0.576,False,19.33,1.705,3.44,0.12,43.03,-6.05,162.82,-9.0,47,39.5,BTC-USD,2021_default,btc_quick
160,SMA,60,SMA,True,True,True,3.0,1.25,True,4.0,False,14,2.5,D,2021-04-14,2026-04-03,79,159.29,32.65,2592.85,69.91,0.467,False,15.19,1.841,2.6,0.123,37.52,-3.65,144.39,-4.0,57,72.2,BTC-USD,2021_default,btc_quick
160,SMA,30,SMA,True,True,True,2.0,1.0,True,9.0,False,14,2.5,D,2021-04-14,2026-04-03,119,127.49,26.13,2274.86,58.02,0.45,False,21.01,1.568,1.91,0.101,25.1,-4.26,108.55,-9.0,20,16.8,BTC-USD,2021_default,btc_quick
160,SMA,44,SMA,True,True,True,3.0,2.0,True,4.0,False,14,2.5,D,2021-04-14,2026-04-03,92,167.88,34.41,2678.82,76.92,0.447,False,13.04,1.902,2.85,0.115,46.14,-3.64,167.89,-4.0,69,75.0,BTC-USD,2021_default,btc_quick
160,SMA,60,SMA,True,True,True,2.0,1.25,True,9.0,False,14,2.5,D,2021-04-14,2026-04-03,79,135.43,27.76,2354.34,63.04,0.44,False,20.25,1.627,2.73,0.125,34.97,-5.46,100.8,-9.0,21,26.6,BTC-USD,2021_default,btc_quick
160,SMA,30,SMA,True,True,True,2.0,1.25,True,9.0,False,14,2.5,D,2021-04-14,2026-04-03,119,129.71,26.59,2297.14,62.46,0.426,False,21.01,1.55,1.98,0.103,26.49,-4.54,108.55,-9.0,23,19.3,BTC-USD,2021_default,btc_quick
160,SMA,60,SMA,True,True,True,3.0,1.0,True,4.0,False,14,2.5,D,2021-04-14,2026-04-03,79,137.09,28.1,2370.94,68.75,0.409,False,15.19,1.812,2.46,0.117,36.18,-3.58,144.39,-4.0,54,68.4,BTC-USD,2021_default,btc_quick
160,SMA,60,SMA,True,True,True,2.0,2.0,True,6.0,False,14,2.5,D,2021-04-14,2026-04-03,79,111.34,22.82,2113.4,63.48,0.359,False,16.46,1.614,2.54,0.118,40.59,-4.95,100.8,-6.0,46,58.2,BTC-USD,2021_default,btc_quick
160,SMA,30,SMA,True,True,True,2.0,1.0,True,12.0,False,14,2.5,D,2021-04-14,2026-04-03,119,91.52,18.76,1915.16,55.7,0.337,False,21.85,1.508,1.79,0.094,24.38,-4.52,108.55,-12.0,13,10.9,BTC-USD,2021_default,btc_quick
160,SMA,30,SMA,True,True,True,3.0,1.0,True,12.0,False,14,2.5,D,2021-04-14,2026-04-03,119,115.29,23.63,2152.89,70.45,0.335,False,21.01,1.658,2.91,0.105,34.86,-5.59,162.82,-12.0,25,21.0,BTC-USD,2021_default,btc_quick
160,SMA,30,SMA,True,True,True,3.0,1.25,True,12.0,False,14,2.5,D,2021-04-14,2026-04-03,119,110.26,22.6,2102.63,73.58,0.307,False,21.01,1.632,2.95,0.106,36.25,-5.91,162.82,-12.0,26,21.8,BTC-USD,2021_default,btc_quick
160,SMA,30,SMA,True,True,True,2.0,1.25,True,12.0,False,14,2.5,D,2021-04-14,2026-04-03,119,87.05,17.84,1870.46,60.37,0.296,False,21.85,1.485,1.84,0.095,25.72,-4.84,108.55,-12.0,14,11.8,BTC-USD,2021_default,btc_quick
160,SMA,44,SMA,True,True,True,4.0,1.25,True,4.0,False,14,2.5,D,2021-04-14,2026-04-03,93,105.74,21.67,2057.4,75.21,0.288,False,13.98,1.83,2.44,0.094,38.54,-3.42,223.85,-4.0,63,67.7,BTC-USD,2021_default,btc_quick
160,SMA,60,SMA,True,True,True,3.0,2.0,True,4.0,False,14,2.5,D,2021-04-14,2026-04-03,79,90.01,18.45,1900.08,71.94,0.256,False,12.66,1.667,2.24,0.104,44.18,-3.84,144.39,-4.0,64,81.0,BTC-USD,2021_default,btc_quick
160,SMA,30,SMA,True,True,True,2.0,2.0,True,12.0,False,14,2.5,D,2021-04-14,2026-04-03,119,88.02,18.04,1880.24,71.85,0.251,False,21.85,1.468,2.07,0.1,29.75,-5.66,108.55,-12.0,19,16.0,BTC-USD,2021_default,btc_quick
160,SMA,30,SMA,True,True,True,2.0,2.0,True,9.0,False,14,2.5,D,2021-04-14,2026-04-03,119,80.99,16.6,1809.94,73.72,0.225,False,19.33,1.464,1.99,0.097,32.42,-5.3,108.55,-9.0,35,29.4,BTC-USD,2021_default,btc_quick
160,SMA,44,SMA,True,True,True,4.0,1.0,True,4.0,False,14,2.5,D,2021-04-14,2026-04-03,93,76.13,15.6,1761.32,74.31,0.21,False,13.98,1.766,2.2,0.086,36.37,-3.35,223.85,-4.0,61,65.6,BTC-USD,2021_default,btc_quick
160,SMA,60,SMA,True,True,True,2.0,2.0,True,12.0,False,14,2.5,D,2021-04-14,2026-04-03,79,64.44,13.21,1644.35,70.72,0.187,False,21.52,1.466,2.53,0.109,36.95,-6.91,100.8,-12.0,16,20.3,BTC-USD,2021_default,btc_quick
160,SMA,60,SMA,True,True,True,4.0,1.25,True,4.0,False,14,2.5,D,2021-04-14,2026-04-03,80,47.78,9.79,1477.76,68.6,0.143,False,13.75,1.624,1.99,0.083,37.74,-3.7,192.52,-4.0,61,76.2,BTC-USD,2021_default,btc_quick
160,SMA,60,SMA,True,True,True,2.0,2.0,True,9.0,False,14,2.5,D,2021-04-14,2026-04-03,79,43.25,8.87,1432.54,70.49,0.126,False,18.99,1.431,2.23,0.099,38.95,-6.38,100.8,-9.0,32,40.5,BTC-USD,2021_default,btc_quick
160,SMA,60,SMA,True,True,True,4.0,1.0,True,4.0,False,14,2.5,D,2021-04-14,2026-04-03,80,35.13,7.2,1351.28,67.39,0.107,False,13.75,1.592,1.85,0.078,36.28,-3.63,192.52,-4.0,58,72.5,BTC-USD,2021_default,btc_quick
160,SMA,44,SMA,True,True,True,4.0,2.0,True,4.0,False,14,2.5,D,2021-04-14,2026-04-03,93,39.47,8.09,1394.74,79.36,0.102,False,10.75,1.662,2.18,0.081,51.0,-3.7,223.85,-4.0,74,79.6,BTC-USD,2021_default,btc_quick
160,SMA,60,SMA,True,True,True,4.0,2.0,True,4.0,False,14,2.5,D,2021-04-14,2026-04-03,80,8.29,1.7,1082.92,70.71,0.024,False,11.25,1.473,1.63,0.068,45.2,-3.89,192.52,-4.0,68,85.0,BTC-USD,2021_default,btc_quick
100,SMA,60,SMA,True,True,True,4.0,2.0,True,12.0,False,14,2.5,D,2021-04-14,2026-04-03,93,1401.4,283.74,15014.03,80.34,3.532,True,22.58,2.273,8.17,0.186,64.61,-8.29,208.81,-12.0,32,34.4,BTC-USD,2021_default,btc_quick
160,SMA,44,SMA,True,True,True,4.0,1.25,True,6.0,False,14,2.5,D,2021-04-14,2026-04-03,92,926.45,189.89,10264.51,80.02,2.373,True,18.48,2.592,5.97,0.161,52.58,-4.6,223.85,-6.0,45,48.9,BTC-USD,2021_default,btc_quick
160,SMA,44,SMA,True,True,True,4.0,2.0,True,6.0,False,14,2.5,D,2021-04-14,2026-04-03,92,576.49,118.16,6764.87,82.53,1.432,True,16.3,2.364,5.68,0.15,60.41,-4.98,223.85,-6.0,56,60.9,BTC-USD,2021_default,btc_quick
100,SMA,30,SMA,True,True,True,4.0,2.0,True,9.0,False,14,2.5,D,2021-04-14,2026-04-03,135,513.78,104.02,6137.76,81.55,1.275,True,19.26,1.956,5.1,0.134,54.19,-6.61,224.49,-9.0,64,47.4,BTC-USD,2021_default,btc_quick
100,SMA,30,SMA,True,True,True,4.0,2.0,True,12.0,False,14,2.5,D,2021-04-14,2026-04-03,134,492.16,99.65,5921.62,82.35,1.21,True,22.39,1.911,5.25,0.136,49.22,-7.43,224.49,-12.0,42,31.3,BTC-USD,2021_default,btc_quick
160,SMA,60,SMA,True,True,True,4.0,1.25,True,6.0,False,14,2.5,D,2021-04-14,2026-04-03,79,404.19,82.84,5041.87,81.7,1.014,True,16.46,2.21,5.21,0.151,57.86,-5.16,192.52,-6.0,47,59.5,BTC-USD,2021_default,btc_quick
160,SMA,60,SMA,True,True,True,4.0,2.0,True,12.0,False,14,2.5,D,2021-04-14,2026-04-03,79,348.23,71.37,4482.28,81.96,0.871,True,20.25,1.973,6.73,0.159,67.34,-8.67,201.61,-12.0,29,36.7,BTC-USD,2021_default,btc_quick
160,SMA,30,SMA,True,True,True,4.0,1.0,True,6.0,False,14,2.5,D,2021-04-14,2026-04-03,119,336.27,68.92,4362.67,87.57,0.787,True,18.49,2.01,3.56,0.121,38.34,-4.33,190.47,-6.0,54,45.4,BTC-USD,2021_default,btc_quick
160,SMA,30,SMA,True,True,True,4.0,1.25,True,6.0,False,14,2.5,D,2021-04-14,2026-04-03,119,261.81,53.66,3618.15,89.04,0.603,True,16.81,1.906,3.46,0.116,43.25,-4.58,190.47,-6.0,62,52.1,BTC-USD,2021_default,btc_quick
160,SMA,30,SMA,True,True,True,4.0,2.0,True,6.0,False,14,2.5,D,2021-04-14,2026-04-03,119,266.26,54.58,3662.64,90.64,0.602,True,15.97,1.872,3.59,0.118,48.29,-4.9,190.47,-6.0,72,60.5,BTC-USD,2021_default,btc_quick
160,SMA,60,SMA,True,True,True,4.0,2.0,True,6.0,False,14,2.5,D,2021-04-14,2026-04-03,79,230.83,47.31,3308.32,84.15,0.562,True,13.92,2.004,4.72,0.136,67.62,-5.46,192.52,-6.0,57,72.2,BTC-USD,2021_default,btc_quick
160,SMA,30,SMA,True,True,True,4.0,2.0,True,12.0,False,14,2.5,D,2021-04-14,2026-04-03,119,225.41,46.2,3254.1,84.24,0.548,True,21.01,1.802,4.69,0.126,50.2,-7.41,217.1,-12.0,37,31.1,BTC-USD,2021_default,btc_quick
160,SMA,30,SMA,True,True,True,3.0,2.0,True,12.0,False,14,2.5,D,2021-04-14,2026-04-03,119,111.36,22.83,2113.63,81.23,0.281,True,21.01,1.6,3.19,0.11,40.44,-6.72,162.82,-12.0,31,26.1,BTC-USD,2021_default,btc_quick
160,SMA,60,SMA,True,True,True,3.0,2.0,True,12.0,False,14,2.5,D,2021-04-14,2026-04-03,79,109.28,22.4,2092.81,80.14,0.279,True,20.25,1.645,4.22,0.129,53.1,-8.2,151.21,-12.0,27,34.2,BTC-USD,2021_default,btc_quick
160,SMA,30,SMA,True,True,True,3.0,1.25,True,4.0,False,14,2.5,D,2021-04-14,2026-04-03,119,104.14,21.35,2041.45,82.41,0.259,True,15.13,1.6,1.68,0.091,29.66,-3.3,131.1,-4.0,75,63.0,BTC-USD,2021_default,btc_quick
160,SMA,30,SMA,True,True,True,3.0,1.0,True,4.0,False,14,2.5,D,2021-04-14,2026-04-03,119,71.34,14.62,1713.41,81.63,0.179,True,15.13,1.546,1.49,0.082,27.87,-3.21,131.1,-4.0,72,60.5,BTC-USD,2021_default,btc_quick
160,SMA,30,SMA,True,True,True,3.0,2.0,True,4.0,False,14,2.5,D,2021-04-14,2026-04-03,119,21.58,4.42,1215.85,84.44,0.052,True,12.61,1.411,1.28,0.068,34.94,-3.57,131.1,-4.0,87,73.1,BTC-USD,2021_default,btc_quick
160,SMA,30,SMA,True,True,True,4.0,1.25,True,4.0,False,14,2.5,D,2021-04-14,2026-04-03,120,11.85,2.43,1118.47,82.72,0.029,True,14.17,1.391,1.14,0.06,28.62,-3.4,174.8,-4.0,81,67.5,BTC-USD,2021_default,btc_quick
160,SMA,30,SMA,True,True,True,4.0,1.0,True,4.0,False,14,2.5,D,2021-04-14,2026-04-03,120,-6.13,-1.26,938.74,81.96,-0.015,True,14.17,1.334,0.95,0.05,26.72,-3.31,174.8,-4.0,78,65.0,BTC-USD,2021_default,btc_quick
160,SMA,30,SMA,True,True,True,4.0,2.0,True,4.0,False,14,2.5,D,2021-04-14,2026-04-03,120,-33.39,-6.84,666.14,84.71,-0.081,True,11.67,1.23,0.74,0.038,34.05,-3.65,174.8,-4.0,93,77.5,BTC-USD,2021_default,btc_quick
